Participant,Months,Gender,Order,Task,Outcome,Looking,TaskOrder,Habituated
P01,11.29588717,f,2,Inaccessible,Unexpected,7.601408109,3,1
P01,11.29588717,f,1,Inaccessible,Expected,19.35810742,3,1
P02,11.26301082,m,2,Efficient,Unexpected,30.56036081,1,1
P02,11.26301082,m,1,Efficient,Expected,19.50562538,1,1
P02,11.29588717,m,2,Inefficient,Unexpected,14.12820482,2,0
P02,11.29588717,m,1,Inefficient,Expected,13.26426464,2,0
P02,11.32876352,m,2,Multiagent,Unexpected,9.663566777,3,0
P02,11.32876352,m,1,Multiagent,Expected,28.87990157,3,0
P02,11.46026893,m,2,Instrumental,Unexpected,24.14596836,5,0
P02,11.46026893,m,1,Instrumental,Expected,6.949906164,5,0
P03,10.72327974,m,2,GoalDirected,Unexpected,16.45852667,1,1
P03,10.72327974,m,1,GoalDirected,Expected,14.36812166,1,1
P03,10.8219088,m,2,Instrumental,Unexpected,5.732533452,3,0
P03,10.8219088,m,1,Instrumental,Expected,17.29061909,3,0
P03,10.88766151,m,2,Inefficient,Unexpected,12.85656038,4,0
P03,10.88766151,m,1,Inefficient,Expected,7.433459226,4,0
P03,11.09862906,m,2,Multiagent,Unexpected,12.94406431,5,0
P03,11.09862906,m,1,Multiagent,Expected,9.015163406,5,0
P04,10.7561561,f,2,Inaccessible,Unexpected,6.735022464,2,0
P04,10.7561561,f,1,Inaccessible,Expected,19.06544805,2,0
P04,10.88766151,f,2,GoalDirected,Unexpected,4.249047967,4,1
P04,10.88766151,f,1,GoalDirected,Expected,8.496139772,4,1
P05,10.95341421,f,2,Multiagent,Unexpected,7.142446229,3,1
P05,10.95341421,f,1,Multiagent,Expected,10.82665958,3,1
P05,11.13150541,f,2,Inaccessible,Unexpected,6.663244802,4,0
P05,11.13150541,f,1,Inaccessible,Expected,5.201595567,4,0
P06,11.26301082,f,2,Instrumental,Unexpected,12.12652213,3,1
P06,11.26301082,f,1,Instrumental,Expected,12.4444995,3,1
P06,11.36163987,f,2,Inefficient,Unexpected,15.53124146,4,0
P06,11.36163987,f,1,Inefficient,Expected,13.44529056,4,0
P06,11.49314528,f,2,Efficient,Unexpected,7.481662878,6,0
P06,11.49314528,f,1,Efficient,Expected,13.75180465,6,0
P08,11.19725811,f,2,Inaccessible,Unexpected,1.677556775,4,0
P08,11.19725811,f,1,Inaccessible,Expected,2.012337352,4,0
P09,10.92053786,m,2,Instrumental,Unexpected,7.312127885,3,0
P09,10.92053786,m,1,Instrumental,Expected,9.078944121,3,0
P09,11.09862906,m,2,Inaccessible,Unexpected,5.873244472,4,0
P09,11.09862906,m,1,Inaccessible,Expected,13.95623511,4,0
P09,11.16438176,m,2,GoalDirected,Unexpected,5.683462872,6,0
P09,11.16438176,m,1,GoalDirected,Expected,9.975886388,6,0
P10,11.03287635,m,2,Efficient,Unexpected,2.493694475,3,0
P10,11.03287635,m,1,Efficient,Expected,3.633389665,3,0
P11,10.78903245,m,2,Inaccessible,Unexpected,16.60457919,1,0
P11,10.78903245,m,1,Inaccessible,Expected,18.27806435,1,0
P11,10.8219088,m,2,Multiagent,Unexpected,7.640059787,2,0
P11,10.8219088,m,1,Multiagent,Expected,8.753105475,2,0
P11,10.85478515,m,2,Instrumental,Unexpected,1.575704441,3,0
P11,10.85478515,m,1,Instrumental,Expected,13.15774657,3,0
P11,10.88766151,m,2,Inefficient,Unexpected,2.549748693,4,0
P11,10.88766151,m,1,Inefficient,Expected,2.356219074,4,0
P11,11.26301082,m,2,GoalDirected,Unexpected,5.128495901,5,1
P11,11.26301082,m,1,GoalDirected,Expected,5.485389746,5,1
P11,11.32876352,m,2,Efficient,Unexpected,14.51622872,6,0
P11,11.32876352,m,1,Efficient,Expected,5.145809741,6,0
P12,11.29588717,f,2,Inaccessible,Unexpected,11.37704799,3,0
P12,11.29588717,f,1,Inaccessible,Expected,8.09991147,3,0
P12,11.32876352,f,2,GoalDirected,Unexpected,25.28323503,4,1
P12,11.32876352,f,1,GoalDirected,Expected,5.759862687,4,1
P13,11.0657527,f,2,Inefficient,Unexpected,3.095358211,5,0
P13,11.0657527,f,1,Inefficient,Expected,1.662537429,5,0
P14,10.92053786,m,2,Efficient,Unexpected,22.14550615,2,1
P14,10.92053786,m,1,Efficient,Expected,5.335892845,2,1
P14,11,m,2,Inefficient,Unexpected,4.551188496,3,0
P14,11,m,1,Inefficient,Expected,3.561771143,3,0
P14,11.0657527,m,2,GoalDirected,Unexpected,13.67607564,4,1
P14,11.0657527,m,1,GoalDirected,Expected,2.754888247,4,1
P14,11.32876352,m,2,Instrumental,Unexpected,3.400503735,6,1
P14,11.32876352,m,1,Instrumental,Expected,1.651303431,6,1
P15,10.52602163,f,2,Instrumental,Unexpected,4.245447687,1,0
P15,10.52602163,f,1,Instrumental,Expected,13.86583818,1,0
P15,10.8219088,f,2,Inefficient,Unexpected,10.85652361,4,0
P15,10.8219088,f,1,Inefficient,Expected,3.173483353,4,0
P15,10.95341421,f,2,Efficient,Unexpected,9.489309689,5,0
P15,10.95341421,f,1,Efficient,Expected,7.433235383,5,0
P16,11.13150541,m,2,Multiagent,Unexpected,12.51161972,3,0
P16,11.13150541,m,1,Multiagent,Expected,6.463665863,3,0
P16,11.32876352,m,2,Inaccessible,Unexpected,2.850142081,5,0
P16,11.32876352,m,1,Inaccessible,Expected,4.883100606,5,0
P17,10.92053786,f,2,Inaccessible,Unexpected,7.531479408,1,0
P17,10.92053786,f,1,Inaccessible,Expected,7.96177692,1,0
P17,11,f,2,GoalDirected,Unexpected,6.309091824,3,0
P17,11,f,1,GoalDirected,Expected,7.562311559,3,0
P17,11.0657527,f,2,Efficient,Unexpected,28.68948584,5,0
P17,11.0657527,f,1,Efficient,Expected,20.2114012,5,0
P18,10.88766151,f,2,Instrumental,Unexpected,7.333011889,1,1
P18,10.88766151,f,1,Instrumental,Expected,5.623140776,1,1
P18,11,f,2,Inefficient,Unexpected,15.20662875,3,0
P18,11,f,1,Inefficient,Expected,13.51461443,3,0
P18,11.09862906,f,2,Efficient,Unexpected,3.428516942,4,0
P18,11.09862906,f,1,Efficient,Expected,3.49793366,4,0
P18,11.16438176,f,2,Multiagent,Unexpected,2.429978196,5,1
P18,11.16438176,f,1,Multiagent,Expected,18.29579461,5,1
P19,11.03287635,f,2,Efficient,Unexpected,6.338447409,1,0
P19,11.03287635,f,1,Efficient,Expected,5.949124932,1,0
P19,11.09862906,f,2,GoalDirected,Unexpected,9.491345255,2,0
P19,11.09862906,f,1,GoalDirected,Expected,4.321335583,2,0
P19,11.29588717,f,2,Inefficient,Unexpected,5.109037519,3,1
P19,11.29588717,f,1,Inefficient,Expected,9.03095394,3,1
P19,11.32876352,f,2,Instrumental,Unexpected,9.602304029,4,1
P19,11.32876352,f,1,Instrumental,Expected,7.32673857,4,1
P19,11.36163987,f,2,Multiagent,Unexpected,7.898484489,5,1
P19,11.36163987,f,1,Multiagent,Expected,14.83878861,5,1
P20,11.46026893,f,2,GoalDirected,Unexpected,8.727413345,6,1
P20,11.46026893,f,1,GoalDirected,Expected,2.570308674,6,1
P21,11.16438176,f,2,Efficient,Unexpected,5.473936225,3,0
P21,11.16438176,f,1,Efficient,Expected,4.884227447,3,0
P21,11.23013446,f,2,Multiagent,Unexpected,17.68188361,4,1
P21,11.23013446,f,1,Multiagent,Expected,7.095636997,4,1
P21,11.39451622,f,2,Inaccessible,Unexpected,3.088035398,6,0
P21,11.39451622,f,1,Inaccessible,Expected,2.505301961,6,0
P22,10.85478515,f,2,GoalDirected,Unexpected,9.140491575,1,0
P22,10.85478515,f,1,GoalDirected,Expected,7.08768372,1,0
P22,10.88766151,f,2,Instrumental,Unexpected,6.734542731,2,0
P22,10.88766151,f,1,Instrumental,Expected,18.4872806,2,0
P22,10.95341421,f,2,Inefficient,Unexpected,18.25094,3,0
P22,10.95341421,f,1,Inefficient,Expected,15.19420724,3,0
P22,11.13150541,f,2,Efficient,Unexpected,8.756159212,5,1
P22,11.13150541,f,1,Efficient,Expected,8.342710785,5,1
P22,11.16438176,f,2,Inaccessible,Unexpected,12.06172401,6,0
P22,11.16438176,f,1,Inaccessible,Expected,12.5594989,6,0
P23,10.85478515,f,2,Efficient,Unexpected,29.1653163,1,0
P23,10.85478515,f,1,Efficient,Expected,7.144360956,1,0
P23,11.26301082,f,2,Inefficient,Unexpected,9.18608029,4,0
P23,11.26301082,f,1,Inefficient,Expected,9.733981952,4,0
P23,11.36163987,f,2,Instrumental,Unexpected,1.53372175,6,0
P23,11.36163987,f,1,Instrumental,Expected,2.012536992,6,0
P24,11.23013446,f,2,Inaccessible,Unexpected,1.501205259,3,0
P24,11.23013446,f,1,Inaccessible,Expected,16.08819719,3,0
P24,11.32876352,f,2,Multiagent,Unexpected,7.50103461,4,0
P24,11.32876352,f,1,Multiagent,Expected,13.85512282,4,0
P25,10.92053786,f,2,GoalDirected,Unexpected,18.51815751,3,1
P25,10.92053786,f,1,GoalDirected,Expected,10.72501505,3,1
P25,11,f,2,Inaccessible,Unexpected,4.75831082,5,1
P25,11,f,1,Inaccessible,Expected,3.015337701,5,1
P26,11.23013446,m,2,Multiagent,Unexpected,10.08794011,1,0
P26,11.23013446,m,1,Multiagent,Expected,6.446857507,1,0
P26,11.29588717,m,2,Efficient,Unexpected,6.047184726,3,0
P26,11.29588717,m,1,Efficient,Expected,10.50245958,3,0
P26,11.46026893,m,2,Instrumental,Unexpected,2.881526442,5,0
P26,11.46026893,m,1,Instrumental,Expected,3.590954678,5,0
P26,11.49314528,m,2,Inefficient,Unexpected,1.802226602,6,1
P26,11.49314528,m,1,Inefficient,Expected,1.780997357,6,1
P27,10.59177434,f,2,GoalDirected,Unexpected,11.6285605,1,0
P27,10.59177434,f,1,GoalDirected,Expected,15.72243808,1,0
P27,10.65752704,f,2,Inefficient,Unexpected,5.285460112,2,1
P27,10.65752704,f,1,Inefficient,Expected,1.714462525,2,1
P27,10.85478515,f,2,Efficient,Unexpected,2.627096968,4,0
P27,10.85478515,f,1,Efficient,Expected,2.094532167,4,0
P27,10.92053786,f,2,Instrumental,Unexpected,8.679942668,5,0
P27,10.92053786,f,1,Instrumental,Expected,4.320067945,5,0
P27,10.95341421,f,2,Multiagent,Unexpected,7.033433304,6,1
P27,10.95341421,f,1,Multiagent,Expected,15.15774305,6,1
P28,11.19725811,m,2,GoalDirected,Unexpected,12.57427986,2,1
P28,11.19725811,m,1,GoalDirected,Expected,7.453599924,2,1
P28,11.23013446,m,2,Inaccessible,Unexpected,8.964404361,3,0
P28,11.23013446,m,1,Inaccessible,Expected,5.4353693,3,0
P29,11.09862906,f,2,Multiagent,Unexpected,14.43650078,1,0
P29,11.09862906,f,1,Multiagent,Expected,12.69166174,1,0
P29,11.46026893,f,2,Inaccessible,Unexpected,8.221824922,6,0
P29,11.46026893,f,1,Inaccessible,Expected,7.88622225,6,0
P30,11.09862906,f,2,Efficient,Unexpected,10.52677126,2,0
P30,11.09862906,f,1,Efficient,Expected,8.514425683,2,0
P30,11.13150541,f,2,Inefficient,Unexpected,9.753188267,3,0
P30,11.13150541,f,1,Inefficient,Expected,7.439748493,3,0
P30,11.46026893,f,2,Instrumental,Unexpected,11.8155415,6,0
P30,11.46026893,f,1,Instrumental,Expected,25.23051175,6,0
P31,11.23013446,f,2,Inefficient,Unexpected,9.414483498,1,0
P31,11.23013446,f,1,Inefficient,Expected,9.124629229,1,0
P31,11.29588717,f,2,Instrumental,Unexpected,5.890444702,2,0
P31,11.29588717,f,1,Instrumental,Expected,6.151997541,2,0
P31,11.39451622,f,2,Efficient,Unexpected,6.814964305,4,0
P31,11.39451622,f,1,Efficient,Expected,11.030063,4,0
P32,11.23013446,m,2,Multiagent,Unexpected,8.555662062,2,0
P32,11.23013446,m,1,Multiagent,Expected,13.32920443,2,0
P32,11.32876352,m,2,Inaccessible,Unexpected,2.424582806,5,1
P32,11.32876352,m,1,Inaccessible,Expected,2.713087806,5,1
P03b,10.59177434,f,2,GoalDirected,Unexpected,9.494270778,1,0
P03b,10.59177434,f,1,GoalDirected,Expected,10.31584389,1,0
P07b,11.26301082,m,2,Instrumental,Unexpected,2.008944884,5,1
P07b,11.26301082,m,1,Instrumental,Expected,2.306408664,5,1
P10b,11,m,2,Instrumental,Unexpected,4.245760527,2,1
P10b,11,m,1,Instrumental,Expected,5.472115079,2,1
P10b,11.16438176,m,2,Efficient,Unexpected,11.05013176,3,0
P10b,11.16438176,m,1,Efficient,Expected,16.84219774,3,0
P10b,11.19725811,m,2,Multiagent,Unexpected,10.97794956,4,0
P10b,11.19725811,m,1,Multiagent,Expected,34.40949457,4,0
P10b,11.23013446,m,2,Inefficient,Unexpected,18.61042874,5,0
P10b,11.23013446,m,1,Inefficient,Expected,9.183194437,5,0
P13b,11.13150541,m,2,Inefficient,Unexpected,8.60507023,5,0
P13b,11.13150541,m,1,Inefficient,Expected,13.88468482,5,0
P13b,11.26301082,m,2,Multiagent,Unexpected,15.41972222,6,0
P13b,11.26301082,m,1,Multiagent,Expected,7.869590873,6,0
P07c,10.8219088,m,2,Efficient,Unexpected,15.77312705,4,0
P07c,10.8219088,m,1,Efficient,Expected,6.761134534,4,0
P07c,10.85478515,m,2,Instrumental,Unexpected,17.25239199,5,0
P07c,10.85478515,m,1,Instrumental,Expected,6.213051853,5,0
P07c,10.88766151,m,2,Inefficient,Unexpected,6.750955638,6,0
P07c,10.88766151,m,1,Inefficient,Expected,4.089089014,6,0
P16b,11.19725811,f,2,Multiagent,Unexpected,7.284454091,3,0
P16b,11.19725811,f,1,Multiagent,Expected,9.89965082,3,0
P16b,11.26301082,f,2,Inaccessible,Unexpected,4.198454966,5,1
P16b,11.26301082,f,1,Inaccessible,Expected,9.117325839,5,1
P20b,11.13150541,m,2,Inaccessible,Unexpected,13.00608811,4,0
P20b,11.13150541,m,1,Inaccessible,Expected,16.89979003,4,0
P20b,11.39451622,m,2,GoalDirected,Unexpected,6.610254333,6,1
P20b,11.39451622,m,1,GoalDirected,Expected,19.509296,6,1
P27b,10.55889798,f,2,GoalDirected,Unexpected,17.59458675,1,0
P27b,10.55889798,f,1,GoalDirected,Expected,11.52200117,1,0
P27b,10.59177434,f,2,Inefficient,Unexpected,10.26246954,2,1
P27b,10.59177434,f,1,Inefficient,Expected,11.68471728,2,1
P27b,10.69040339,f,2,Efficient,Unexpected,5.469234133,4,0
P27b,10.69040339,f,1,Efficient,Expected,4.169392549,4,0
P27b,10.78903245,f,2,Instrumental,Unexpected,8.579163474,5,0
P27b,10.78903245,f,1,Instrumental,Expected,15.67999669,5,0
P27b,10.8219088,f,2,Multiagent,Unexpected,3.230143269,6,1
P27b,10.8219088,f,1,Multiagent,Expected,9.037668097,6,1
P03c,11.19725811,m,2,GoalDirected,Unexpected,20.75792018,1,1
P03c,11.19725811,m,1,GoalDirected,Expected,3.217971815,1,1
P03c,11.26301082,m,2,Instrumental,Unexpected,7.692942781,3,0
P03c,11.26301082,m,1,Instrumental,Expected,5.358101099,3,0
P03c,11.29588717,m,2,Inefficient,Unexpected,7.231774339,4,0
P03c,11.29588717,m,1,Inefficient,Expected,15.27532355,4,0
P27c,10.62465069,m,2,Efficient,Unexpected,4.953450417,4,1
P27c,10.62465069,m,1,Efficient,Expected,3.218331166,4,1
P27c,10.65752704,m,2,Instrumental,Unexpected,8.286731416,5,1
P27c,10.65752704,m,1,Instrumental,Expected,4.428029125,5,1
P08c,10.65752704,m,2,Inaccessible,Unexpected,2.040943791,4,1
P08c,10.65752704,m,1,Inaccessible,Expected,8.259069501,4,1
P03d,10.49314528,m,2,GoalDirected,Unexpected,5.286493583,1,1
P03d,10.49314528,m,1,GoalDirected,Expected,1.770033749,1,1
P03e,11.16438176,m,2,GoalDirected,Unexpected,9.199239167,1,0
P03e,11.16438176,m,1,GoalDirected,Expected,14.39991571,1,0
P03e,11.23013446,m,2,Instrumental,Unexpected,16.54334575,3,0
P03e,11.23013446,m,1,Instrumental,Expected,19.7101575,3,0
P03e,11.26301082,m,2,Inefficient,Unexpected,5.991114083,4,0
P03e,11.26301082,m,1,Inefficient,Expected,6.424672792,4,0
P03e,11.29588717,m,2,Multiagent,Unexpected,9.849429125,5,1
P03e,11.29588717,m,1,Multiagent,Expected,12.82215629,5,1
P03e,11.32876352,m,2,Efficient,Unexpected,16.88643679,6,1
P03e,11.32876352,m,1,Efficient,Expected,13.81512879,6,1
P30c,10.59177434,m,2,Efficient,Unexpected,10.01289287,2,0
P30c,10.59177434,m,1,Efficient,Expected,3.649970959,2,0
P30c,10.62465069,m,2,Inefficient,Unexpected,6.844548542,3,1
P30c,10.62465069,m,1,Inefficient,Expected,5.780054124,3,1
P30c,10.69040339,m,2,GoalDirected,Unexpected,3.1133455,4,0
P30c,10.69040339,m,1,GoalDirected,Expected,4.409164042,4,0
P30c,10.7561561,m,2,Instrumental,Unexpected,4.479701592,6,1
P30c,10.7561561,m,1,Instrumental,Expected,10.74772933,6,1
P27d,10.95341421,m,2,GoalDirected,Unexpected,7.072916542,1,1
P27d,10.95341421,m,1,GoalDirected,Expected,8.750066084,1,1
P27d,11.03287635,m,2,Inefficient,Unexpected,8.667591833,2,0
P27d,11.03287635,m,1,Inefficient,Expected,5.191569625,2,0
P27d,11.09862906,m,2,Efficient,Unexpected,6.724107833,4,0
P27d,11.09862906,m,1,Efficient,Expected,3.801063375,4,0
P27d,11.19725811,m,2,Instrumental,Unexpected,8.266840987,5,0
P27d,11.19725811,m,1,Instrumental,Expected,2.294180163,5,0
P27d,11.23013446,m,2,Multiagent,Unexpected,9.921260584,6,0
P27d,11.23013446,m,1,Multiagent,Expected,8.455892961,6,0
P20e,10.72327974,f,2,Inaccessible,Unexpected,5.939457052,4,1
P20e,10.72327974,f,1,Inaccessible,Expected,6.101343721,4,1
P20e,10.78903245,f,2,GoalDirected,Unexpected,3.41043942,6,1
P20e,10.78903245,f,1,GoalDirected,Expected,21.66551257,6,1
P08e,10.7561561,m,2,Inaccessible,Unexpected,3.963830997,4,0
P08e,10.7561561,m,1,Inaccessible,Expected,4.785408083,4,0
P06c,11,f,2,GoalDirected,Unexpected,6.28588128,1,0
P06c,11,f,1,GoalDirected,Expected,6.240300357,1,0
P06c,11.0657527,f,2,Instrumental,Unexpected,11.78641871,3,0
P06c,11.0657527,f,1,Instrumental,Expected,9.043269581,3,0
P06c,11.09862906,f,2,Inefficient,Unexpected,12.43093816,4,0
P06c,11.09862906,f,1,Inefficient,Expected,4.446261099,4,0
P06c,11.16438176,f,2,Efficient,Unexpected,6.667969898,6,0
P06c,11.16438176,f,1,Efficient,Expected,3.271804197,6,0
P29b,10.7561561,m,2,Multiagent,Unexpected,10.19217511,1,0
P29b,10.7561561,m,1,Multiagent,Expected,5.720698769,1,0
P29b,10.92053786,m,2,Inaccessible,Unexpected,12.68887261,6,1
P29b,10.92053786,m,1,Inaccessible,Expected,16.21642296,6,1
P08f,11.23013446,m,2,Inaccessible,Unexpected,14.67329675,4,0
P08f,11.23013446,m,1,Inaccessible,Expected,4.218786546,4,0
P01,11.23013446,f,1,Inefficient,Unexpected,18.39224902,1,0
P01,11.23013446,f,2,Inefficient,Expected,21.44848551,1,0
P01,11.26301082,f,1,Multiagent,Unexpected,16.78953422,2,1
P01,11.26301082,f,2,Multiagent,Expected,17.89038657,2,1
P01,11.36163987,f,1,Instrumental,Unexpected,11.68207078,4,1
P01,11.36163987,f,2,Instrumental,Expected,3.563410508,4,1
P01,11.46026893,f,1,GoalDirected,Unexpected,16.73036348,5,0
P01,11.46026893,f,2,GoalDirected,Expected,12.21585245,5,0
P01,11.49314528,f,1,Efficient,Unexpected,9.086885091,6,0
P01,11.49314528,f,2,Efficient,Expected,12.64622677,6,0
P02,11.42739258,m,1,Inaccessible,Unexpected,10.61236895,4,1
P02,11.42739258,m,2,Inaccessible,Expected,15.57522574,4,1
P02,11.49314528,m,1,GoalDirected,Unexpected,17.9047791,6,1
P02,11.49314528,m,2,GoalDirected,Expected,5.411385144,6,1
P03,10.7561561,m,1,Inaccessible,Unexpected,24.81562328,2,1
P03,10.7561561,m,2,Inaccessible,Expected,12.83537572,2,1
P04,10.72327974,f,1,Inefficient,Unexpected,23.28766173,1,0
P04,10.72327974,f,2,Inefficient,Expected,13.01145448,1,0
P04,10.8219088,f,1,Multiagent,Unexpected,13.49072894,3,0
P04,10.8219088,f,2,Multiagent,Expected,8.336593595,3,0
P04,11.09862906,f,1,Efficient,Unexpected,18.85464266,5,1
P04,11.09862906,f,2,Efficient,Expected,7.551044712,5,1
P04,11.13150541,f,1,Instrumental,Unexpected,6.143024494,6,0
P04,11.13150541,f,2,Instrumental,Expected,2.231978462,6,0
P05,10.49314528,f,1,Instrumental,Unexpected,4.667532737,1,0
P05,10.49314528,f,2,Instrumental,Expected,4.42287655,1,0
P05,10.7561561,f,1,Efficient,Unexpected,3.978141438,2,1
P05,10.7561561,f,2,Efficient,Expected,7.027462145,2,1
P05,11.16438176,f,1,GoalDirected,Unexpected,4.677068187,5,0
P05,11.16438176,f,2,GoalDirected,Expected,7.030577123,5,0
P05,11.23013446,f,1,Inefficient,Unexpected,12.55545708,6,0
P05,11.23013446,f,2,Inefficient,Expected,25.1630324,6,0
P06,11.23013446,f,1,Inaccessible,Unexpected,6.428963519,2,1
P06,11.23013446,f,2,Inaccessible,Expected,9.849905012,2,1
P06,11.46026893,f,1,Multiagent,Unexpected,16.19106413,5,1
P06,11.46026893,f,2,Multiagent,Expected,8.528229214,5,1
P08,11.0657527,f,1,GoalDirected,Unexpected,16.10648799,1,0
P08,11.0657527,f,2,GoalDirected,Expected,6.13222754,1,0
P08,11.13150541,f,1,Multiagent,Unexpected,3.130182195,2,0
P08,11.13150541,f,2,Multiagent,Expected,3.498758153,2,0
P08,11.16438176,f,1,Efficient,Unexpected,11.80711177,3,0
P08,11.16438176,f,2,Efficient,Expected,6.099912602,3,0
P08,11.23013446,f,1,Inefficient,Unexpected,6.013463255,5,0
P08,11.23013446,f,2,Inefficient,Expected,4.431426848,5,0
P09,10.85478515,m,1,Inefficient,Unexpected,20.31633999,1,0
P09,10.85478515,m,2,Inefficient,Expected,14.2444775,1,0
P09,10.88766151,m,1,Efficient,Unexpected,5.397491118,2,0
P09,10.88766151,m,2,Efficient,Expected,4.219382635,2,0
P09,11.13150541,m,1,Multiagent,Unexpected,7.751334633,5,0
P09,11.13150541,m,2,Multiagent,Expected,16.50311529,5,0
P10,10.88766151,m,1,Inaccessible,Unexpected,4.685433016,1,1
P10,10.88766151,m,2,Inaccessible,Expected,1.677722821,1,1
P12,11.23013446,f,1,Instrumental,Unexpected,9.264080111,1,1
P12,11.23013446,f,2,Instrumental,Expected,11.96584023,1,1
P12,11.26301082,f,1,Multiagent,Unexpected,17.06114813,2,0
P12,11.26301082,f,2,Multiagent,Expected,13.41571497,2,0
P12,11.36163987,f,1,Inefficient,Unexpected,2.63238241,5,0
P12,11.36163987,f,2,Inefficient,Expected,13.91688602,5,0
P12,11.39451622,f,1,Efficient,Unexpected,15.15926506,6,1
P12,11.39451622,f,2,Efficient,Expected,17.10262296,6,1
P13,10.59177434,f,1,Efficient,Unexpected,8.409660239,1,0
P13,10.59177434,f,2,Efficient,Expected,5.759424713,1,0
P13,10.8219088,f,1,Instrumental,Unexpected,4.964581082,3,1
P13,10.8219088,f,2,Instrumental,Expected,2.11316533,3,1
P14,10.8219088,m,1,Inaccessible,Unexpected,19.16588996,1,0
P14,10.8219088,m,2,Inaccessible,Expected,6.741900799,1,0
P14,11.13150541,m,1,Multiagent,Unexpected,1.883070652,5,1
P14,11.13150541,m,2,Multiagent,Expected,17.94631522,5,1
P15,10.55889798,f,1,Inaccessible,Unexpected,3.027951255,2,0
P15,10.55889798,f,2,Inaccessible,Expected,7.197426687,2,0
P15,10.62465069,f,1,GoalDirected,Unexpected,11.8631934,3,0
P15,10.62465069,f,2,GoalDirected,Expected,4.7497847,3,0
P15,11.19725811,f,1,Multiagent,Unexpected,4.218865689,6,0
P15,11.19725811,f,2,Multiagent,Expected,2.335090149,6,0
P16,10.65752704,m,1,GoalDirected,Unexpected,10.62716821,1,0
P16,10.65752704,m,2,GoalDirected,Expected,9.902449838,1,0
P16,11.0657527,m,1,Efficient,Unexpected,7.318647085,2,0
P16,11.0657527,m,2,Efficient,Expected,3.503195981,2,0
P16,11.39451622,m,1,Inefficient,Unexpected,2.410284234,6,0
P16,11.39451622,m,2,Inefficient,Expected,11.86672021,6,0
P17,10.95341421,f,1,Inefficient,Unexpected,20.51623724,2,0
P17,10.95341421,f,2,Inefficient,Expected,6.465847162,2,0
P17,11.03287635,f,1,Instrumental,Unexpected,10.00804581,4,1
P17,11.03287635,f,2,Instrumental,Expected,3.26530908,4,1
P17,11.16438176,f,1,Multiagent,Unexpected,7.501155343,6,0
P17,11.16438176,f,2,Multiagent,Expected,12.73163943,6,0
P18,10.92053786,f,1,GoalDirected,Unexpected,11.18109168,2,1
P18,10.92053786,f,2,GoalDirected,Expected,2.765060731,2,1
P18,11.26301082,f,1,Inaccessible,Unexpected,3.715729672,6,0
P18,11.26301082,f,2,Inaccessible,Expected,2.71343637,6,0
P19,11.39451622,f,1,Inaccessible,Unexpected,15.80197673,6,0
P19,11.39451622,f,2,Inaccessible,Expected,25.54381342,6,0
P20,11.26301082,f,1,Multiagent,Unexpected,6.893139488,1,1
P20,11.26301082,f,2,Multiagent,Expected,4.820448581,1,1
P20,11.29588717,f,1,Instrumental,Unexpected,5.649757912,2,1
P20,11.29588717,f,2,Instrumental,Expected,2.185593931,2,1
P21,11.03287635,f,1,Inefficient,Unexpected,9.83725182,1,0
P21,11.03287635,f,2,Inefficient,Expected,5.435635245,1,0
P21,11.13150541,f,1,GoalDirected,Unexpected,10.09143949,2,1
P21,11.13150541,f,2,GoalDirected,Expected,1.73206773,2,1
P21,11.26301082,f,1,Instrumental,Unexpected,7.336591269,5,1
P21,11.26301082,f,2,Instrumental,Expected,7.84426058,5,1
P22,11.09862906,f,1,Multiagent,Unexpected,15.57568199,4,0
P22,11.09862906,f,2,Multiagent,Expected,11.63628322,4,0
P23,10.88766151,f,1,Multiagent,Unexpected,13.9848006,2,0
P23,10.88766151,f,2,Multiagent,Expected,29.54523757,2,0
P23,11.09862906,f,1,GoalDirected,Unexpected,5.157793738,3,1
P23,11.09862906,f,2,GoalDirected,Expected,5.393772708,3,1
P23,11.32876352,f,1,Inaccessible,Unexpected,5.168177253,5,1
P23,11.32876352,f,2,Inaccessible,Expected,4.344909849,5,1
P24,11.09862906,f,1,Efficient,Unexpected,10.92256995,1,1
P24,11.09862906,f,2,Efficient,Expected,21.60223392,1,1
P24,11.16438176,f,1,Instrumental,Unexpected,1.509382094,2,1
P24,11.16438176,f,2,Instrumental,Expected,3.266110262,2,1
P24,11.39451622,f,1,GoalDirected,Unexpected,4.765686978,5,1
P24,11.39451622,f,2,GoalDirected,Expected,13.10010474,5,1
P24,11.42739258,f,1,Inefficient,Unexpected,7.204908244,6,0
P24,11.42739258,f,2,Inefficient,Expected,2.461789231,6,0
P25,10.7561561,f,1,Multiagent,Unexpected,16.76351002,1,0
P25,10.7561561,f,2,Multiagent,Expected,15.48081825,1,0
P25,10.8219088,f,1,Efficient,Unexpected,17.32023849,2,0
P25,10.8219088,f,2,Efficient,Expected,8.022199631,2,0
P25,10.95341421,f,1,Inefficient,Unexpected,10.72755789,4,0
P25,10.95341421,f,2,Inefficient,Expected,9.114794625,4,0
P25,11.16438176,f,1,Instrumental,Unexpected,15.85599728,6,1
P25,11.16438176,f,2,Instrumental,Expected,5.27947243,6,1
P26,11.26301082,m,1,Inaccessible,Unexpected,1.928908696,2,1
P26,11.26301082,m,2,Inaccessible,Expected,11.21754375,2,1
P26,11.36163987,m,1,GoalDirected,Unexpected,3.233987241,4,0
P26,11.36163987,m,2,GoalDirected,Expected,7.746322758,4,0
P28,11.16438176,m,1,Multiagent,Unexpected,27.82590986,1,0
P28,11.16438176,m,2,Multiagent,Expected,18.49912425,1,0
P28,11.39451622,m,1,Instrumental,Unexpected,28.2502265,4,0
P28,11.39451622,m,2,Instrumental,Expected,19.5490585,4,0
P28,11.42739258,m,1,Inefficient,Unexpected,11.55170871,5,1
P28,11.42739258,m,2,Inefficient,Expected,3.597025121,5,1
P28,11.46026893,m,1,Efficient,Unexpected,7.2537979,6,0
P28,11.46026893,m,2,Efficient,Expected,5.654738776,6,0
P29,11.16438176,f,1,Inefficient,Unexpected,5.784168553,2,1
P29,11.16438176,f,2,Inefficient,Expected,1.695931867,2,1
P29,11.29588717,f,1,Instrumental,Unexpected,16.42334921,3,1
P29,11.29588717,f,2,Instrumental,Expected,4.261515686,3,1
P29,11.39451622,f,1,Efficient,Unexpected,9.133740599,4,0
P29,11.39451622,f,2,Efficient,Expected,8.433593824,4,0
P30,11,f,1,Inaccessible,Unexpected,4.686425543,1,0
P30,11,f,2,Inaccessible,Expected,6.527485152,1,0
P30,11.36163987,f,1,Multiagent,Unexpected,23.617956,5,0
P30,11.36163987,f,2,Multiagent,Expected,11.81372138,5,0
P31,11.32876352,f,1,GoalDirected,Unexpected,6.537818862,3,0
P31,11.32876352,f,2,GoalDirected,Expected,7.620926572,3,0
P31,11.42739258,f,1,Inaccessible,Unexpected,6.855171872,5,1
P31,11.42739258,f,2,Inaccessible,Expected,7.405403119,5,1
P31,11.46026893,f,1,Multiagent,Unexpected,9.601881108,6,0
P31,11.46026893,f,2,Multiagent,Expected,6.597999836,6,0
P32,11.19725811,m,1,Efficient,Unexpected,19.05176229,1,0
P32,11.19725811,m,2,Efficient,Expected,6.862616355,1,0
P32,11.26301082,m,1,GoalDirected,Unexpected,3.542570573,3,1
P32,11.26301082,m,2,GoalDirected,Expected,5.956125609,3,1
P32,11.29588717,m,1,Inefficient,Unexpected,9.496588269,4,1
P32,11.29588717,m,2,Inefficient,Expected,2.846651954,4,1
P32,11.39451622,m,1,Instrumental,Unexpected,6.031983509,6,0
P32,11.39451622,m,2,Instrumental,Expected,5.705454864,6,0
P07b,11.0657527,m,1,Inaccessible,Unexpected,39.20514897,1,1
P07b,11.0657527,m,2,Inaccessible,Expected,8.779343583,1,1
P07b,11.09862906,m,1,GoalDirected,Unexpected,2.218291225,2,0
P07b,11.09862906,m,2,GoalDirected,Expected,7.457290032,2,0
P07b,11.16438176,m,1,Multiagent,Unexpected,3.184352989,3,0
P07b,11.16438176,m,2,Multiagent,Expected,15.52044473,3,0
P08b,10.78903245,m,1,GoalDirected,Unexpected,2.621602136,1,1
P08b,10.78903245,m,2,GoalDirected,Expected,3.344959143,1,1
P08b,10.8219088,m,1,Multiagent,Unexpected,9.463218985,2,0
P08b,10.8219088,m,2,Multiagent,Expected,8.447920638,2,0
P08b,10.85478515,m,1,Efficient,Unexpected,4.898416216,3,1
P08b,10.85478515,m,2,Efficient,Expected,3.948468103,3,1
P08b,10.92053786,m,1,Inefficient,Unexpected,1.637513056,5,0
P08b,10.92053786,m,2,Inefficient,Expected,2.401549976,5,0
P08b,11.36163987,m,1,Instrumental,Unexpected,5.188714783,6,1
P08b,11.36163987,m,2,Instrumental,Expected,2.805258215,6,1
P10b,10.92053786,m,1,Inaccessible,Unexpected,5.031016929,1,0
P10b,10.92053786,m,2,Inaccessible,Expected,7.704946149,1,0
P10b,11.46026893,m,1,GoalDirected,Unexpected,24.06622923,6,0
P10b,11.46026893,m,2,GoalDirected,Expected,11.2714709,6,0
P13b,10.88766151,m,1,Efficient,Unexpected,9.285662061,1,0
P13b,10.88766151,m,2,Efficient,Expected,6.854408093,1,0
P13b,11.03287635,m,1,Inaccessible,Unexpected,16.44610748,2,1
P13b,11.03287635,m,2,Inaccessible,Expected,11.6373443,2,1
P13b,11.0657527,m,1,Instrumental,Unexpected,9.236544306,3,0
P13b,11.0657527,m,2,Instrumental,Expected,17.01806551,3,0
P13b,11.09862906,m,1,GoalDirected,Unexpected,8.091501378,4,0
P13b,11.09862906,m,2,GoalDirected,Expected,9.476426713,4,0
P07c,10.59177434,m,1,Inaccessible,Unexpected,17.07065337,1,0
P07c,10.59177434,m,2,Inaccessible,Expected,8.437984797,1,0
P07c,10.62465069,m,1,GoalDirected,Unexpected,6.745560793,2,0
P07c,10.62465069,m,2,GoalDirected,Expected,4.307593881,2,0
P07c,10.65752704,m,1,Multiagent,Unexpected,8.942259809,3,0
P07c,10.65752704,m,2,Multiagent,Expected,3.101377392,3,0
P16b,11.03287635,f,1,GoalDirected,Unexpected,21.89688015,1,0
P16b,11.03287635,f,2,GoalDirected,Expected,7.505917875,1,0
P16b,11.09862906,f,1,Efficient,Unexpected,11.3175512,2,1
P16b,11.09862906,f,2,Efficient,Expected,4.88713609,2,1
P16b,11.23013446,f,1,Instrumental,Unexpected,11.79571673,4,0
P16b,11.23013446,f,2,Instrumental,Expected,15.96027474,4,0
P16b,11.29588717,f,1,Inefficient,Unexpected,11.38032203,6,1
P16b,11.29588717,f,2,Inefficient,Expected,7.433227134,6,1
P20b,10.78903245,m,1,Instrumental,Unexpected,8.58440293,2,0
P20b,10.78903245,m,2,Instrumental,Expected,8.107694545,2,0
P20b,11.03287635,m,1,Inefficient,Unexpected,5.454112776,3,0
P20b,11.03287635,m,2,Inefficient,Expected,5.425034196,3,0
P20b,11.16438176,m,1,Efficient,Unexpected,6.864044505,5,1
P20b,11.16438176,m,2,Efficient,Expected,7.302184814,5,1
P03c,11.23013446,m,1,Inaccessible,Unexpected,8.234288146,2,1
P03c,11.23013446,m,2,Inaccessible,Expected,10.06630222,2,1
P20c,11.13150541,m,1,Multiagent,Unexpected,10.82362246,1,0
P20c,11.13150541,m,2,Multiagent,Expected,19.4423759,1,0
P08c,10.55889798,m,1,GoalDirected,Unexpected,17.61420478,1,0
P08c,10.55889798,m,2,GoalDirected,Expected,11.25262117,1,0
P08c,10.59177434,m,1,Multiagent,Unexpected,9.393939542,2,1
P08c,10.59177434,m,2,Multiagent,Expected,16.23889054,2,1
P08c,10.62465069,m,1,Efficient,Unexpected,4.6366855,3,1
P08c,10.62465069,m,2,Efficient,Expected,3.009511625,3,1
P08c,10.69040339,m,1,Inefficient,Unexpected,3.321039542,5,1
P08c,10.69040339,m,2,Inefficient,Expected,7.182050917,5,1
P03d,10.52602163,m,1,Inaccessible,Unexpected,2.061502125,2,0
P03d,10.52602163,m,2,Inaccessible,Expected,1.950227917,2,0
P30b,10.65752704,f,1,Inaccessible,Unexpected,3.511902043,1,0
P30b,10.65752704,f,2,Inaccessible,Expected,2.383307209,1,0
P03e,11.19725811,m,1,Inaccessible,Unexpected,20.61497112,2,0
P03e,11.19725811,m,2,Inaccessible,Expected,11.91356933,2,0
P30c,10.55889798,m,1,Inaccessible,Unexpected,22.96008263,1,0
P30c,10.55889798,m,2,Inaccessible,Expected,11.47591117,1,0
P30c,10.72327974,m,1,Multiagent,Unexpected,5.24660325,5,0
P30c,10.72327974,m,2,Multiagent,Expected,5.3034625,5,0
P20d,10.92053786,f,1,Multiagent,Unexpected,10.26757229,1,1
P20d,10.92053786,f,2,Multiagent,Expected,17.83714604,1,1
P20d,10.95341421,f,1,Instrumental,Unexpected,4.000075209,2,0
P20d,10.95341421,f,2,Instrumental,Expected,4.919642625,2,0
P20d,11,f,1,Inefficient,Unexpected,7.976212583,3,0
P20d,11,f,2,Inefficient,Expected,10.66817475,3,0
P27d,11.0657527,m,1,Inaccessible,Unexpected,4.290906459,3,0
P27d,11.0657527,m,2,Inaccessible,Expected,10.43509617,3,0
P08d,10.95341421,f,1,GoalDirected,Unexpected,8.323938458,1,0
P08d,10.95341421,f,2,GoalDirected,Expected,7.065013042,1,0
P08d,11,f,1,Multiagent,Unexpected,2.091276876,2,1
P08d,11,f,2,Multiagent,Expected,15.71803904,2,1
P08d,11.03287635,f,1,Efficient,Unexpected,4.744268959,3,0
P08d,11.03287635,f,2,Efficient,Expected,9.138324,3,0
P08d,11.09862906,f,1,Inefficient,Unexpected,5.485779125,5,1
P08d,11.09862906,f,2,Inefficient,Expected,4.607711625,5,1
P08d,11.13150541,f,1,Instrumental,Unexpected,6.010508555,6,0
P08d,11.13150541,f,2,Instrumental,Expected,10.94934926,6,0
P06b,10.78903245,f,1,Inaccessible,Unexpected,15.00179704,2,0
P06b,10.78903245,f,2,Inaccessible,Expected,6.627188251,2,0
P20e,10.55889798,f,1,Multiagent,Unexpected,3.584494167,1,1
P20e,10.55889798,f,2,Multiagent,Expected,5.844861291,1,1
P20e,10.59177434,f,1,Instrumental,Unexpected,3.09400325,2,0
P20e,10.59177434,f,2,Instrumental,Expected,2.723374792,2,0
P20e,10.62465069,f,1,Inefficient,Unexpected,3.774984156,3,1
P20e,10.62465069,f,2,Inefficient,Expected,9.20692455,3,1
P20e,10.7561561,f,1,Efficient,Unexpected,6.565851406,5,0
P20e,10.7561561,f,2,Efficient,Expected,3.246318771,5,0
P08e,10.65752704,m,1,GoalDirected,Unexpected,7.151566863,1,0
P08e,10.65752704,m,2,GoalDirected,Expected,7.757266003,1,0
P08e,10.69040339,m,1,Multiagent,Unexpected,11.56426129,2,0
P08e,10.69040339,m,2,Multiagent,Expected,9.474522279,2,0
P08e,10.72327974,m,1,Efficient,Unexpected,6.934866465,3,0
P08e,10.72327974,m,2,Efficient,Expected,2.18029008,3,0
P08e,10.78903245,m,1,Inefficient,Unexpected,4.174914033,5,0
P08e,10.78903245,m,2,Inefficient,Expected,7.374470779,5,0
P06c,11.03287635,f,1,Inaccessible,Unexpected,4.401634669,2,0
P06c,11.03287635,f,2,Inaccessible,Expected,5.232678265,2,0
P06c,11.13150541,f,1,Multiagent,Unexpected,12.33825611,5,0
P06c,11.13150541,f,2,Multiagent,Expected,10.77974995,5,0
P29b,10.78903245,m,1,Inefficient,Unexpected,7.139924301,2,0
P29b,10.78903245,m,2,Inefficient,Expected,2.006147223,2,0
P29b,10.8219088,m,1,Instrumental,Unexpected,1.845706946,3,1
P29b,10.8219088,m,2,Instrumental,Expected,2.071893393,3,1
P29b,10.85478515,m,1,Efficient,Unexpected,1.890798828,4,1
P29b,10.85478515,m,2,Efficient,Expected,2.58664698,4,1
P29b,10.88766151,m,1,GoalDirected,Unexpected,10.41330344,5,0
P29b,10.88766151,m,2,GoalDirected,Expected,2.129039119,5,0
P08f,11.0657527,m,1,GoalDirected,Unexpected,3.313307047,1,0
P08f,11.0657527,m,2,GoalDirected,Expected,2.91769996,1,0
P08f,11.09862906,m,1,Multiagent,Unexpected,3.733426058,2,0
P08f,11.09862906,m,2,Multiagent,Expected,1.965493728,2,0
P08f,11.16438176,m,1,Efficient,Unexpected,2.518271091,3,0
P08f,11.16438176,m,2,Efficient,Expected,8.334412756,3,0
P08f,11.36163987,m,1,Inefficient,Unexpected,15.12234371,5,0
P08f,11.36163987,m,2,Inefficient,Expected,4.166634506,5,0
P08f,11.39451622,m,1,Instrumental,Unexpected,2.902873998,6,1
P08f,11.39451622,m,2,Instrumental,Expected,4.46762356,6,1
P08g,10.8219088,m,1,GoalDirected,Unexpected,6.798134151,1,1
P08g,10.8219088,m,2,GoalDirected,Expected,7.341669578,1,1
P08g,10.85478515,m,1,Multiagent,Unexpected,6.983806108,2,0
P08g,10.85478515,m,2,Multiagent,Expected,11.54900308,2,0
P08g,11.03287635,m,1,Inefficient,Unexpected,9.851430568,5,0
P08g,11.03287635,m,2,Inefficient,Expected,13.12444302,5,0
P08g,11.03287635,m,1,Instrumental,Unexpected,5.785386974,6,1
P08g,11.03287635,m,2,Instrumental,Expected,7.083254332,6,1