ID,Title,Date,Step1_Coder1,Step1_Coder2,Step1_TieBreaker,Step2_Coder1,Step2_Coder2,Step2_TieBreaker,CouldNotFindFullText
1,Daughter left behind tells her memoir in letters: NONFICTION: Language serves as a fortress of solitude for child whose parents returned to South Korea.,1/5/20,1,1,1,0,0,0,
2,A solitary sentinel,1/10/20,1,1,1,0,0,0,
3,"Minorities sent to solitary more often: Black, Indian inmates face disproportionately higher rates.",1/18/20,1,1,1,0,0,0,
4,Give him his alone time and ask for the same,1/19/20,1,1,1,0,0,0,
6,Growing Risk to America's Seniors: Themselves; Government agencies attribute problem in part to isolation from families and communities,2/11/20,1,1,1,1,1,1,
7,Shopping for a chaise: Here's how to find a little solitude,2/13/20,1,1,1,0,0,0,
8,A Musical Interlude From Isolation Over Skype: [Foreign Desk],2/15/20,1,1,1,1,1,1,
9,Coronavirus Cabin Fever: Working From Home Tests Employees' Endurance; Days of isolation—or with the children underfoot; 'It's another full-time job trying to manage it all',2/17/20,1,1,1,1,1,1,
10,Fourteen Days of Solitude: A Diary: [National Desk],2/22/20,1,1,1,0,0,0,
11,"Risks of Loneliness Among Seniors Aren't Being Adequately Addressed, Report Warns; Research shows social isolation is associated with increased chances for early death, advisory group says",2/27/20,1,0,1,1,1,1,
12,The Internet Can't Save Us From Loneliness in Pandemic; Forced isolation only deepens the emptiness we often feel when communicating by screen,3/13/20,1,1,1,0,0,0,
13,Seniors face fear and isolation amid outbreak; Asian Americans are a particularly hard-hit group,3/16/20,1,1,1,0,0,0,
14,"Can't make AA? Stay in touch, community urges; For people in recovery, isolation can be its own risk",3/17/20,1,1,1,1,0,0,
15,Feeling down? You're not alone,3/17/20,1,1,1,0,0,0,
16,How I Made Self-Isolation Less Lonely: [Op-Ed],3/17/20,1,1,1,1,1,1,
17,Challenge for Urban Dwellers: Social Isolation at a Moment to Come Together: [Foreign Desk],3/18/20,1,1,1,1,0,0,
18,"Pregnant, unsure what to expect: Area women share concerns about virus even as isolation to combat its spread strains already fraught time",3/19/20,1,1,1,0,0,0,
19,Home isolation is fertile ground for domestic abuse,3/19/20,1,1,1,1,1,1,
20,"Togetherness amid the isolation: Slo 'Mo, Chicago's baddest LGBTQ dance party, is going digital so you can shimmy while at home",3/20/20,1,1,1,0,0,0,
21,"Two Books on Solitude: They Want to Be Alone; We seem either to mock or idolize solitaries, perhaps because perceiving them as ordinary might require us to question the cocoon of noise with which we surround ourselves.",3/20/20,1,1,1,1,1,1,
22,Covering Communities in Isolation: [Metropolitan Desk],3/20/20,1,1,1,0,0,0,
23,Tampa patient: Isolation led to appreciation,3/21/20,1,1,1,0,0,0,
24,"How isolation can impact your mood, and what to do about it",3/22/20,1,1,1,1,1,1,
25,"Eating alone, together: Breaking bread virtually is helping people fight isolation",3/23/20,1,1,1,1,1,1,
26,Stay solitary. Stay home.: Because cheaters imperil the rest of us.,3/24/20,0,1,1,0,0,0,
27,"To Some, Cost of Prolonged Isolation Is Too High: [Foreign Desk]",3/24/20,1,1,1,0,0,0,
28,"The worst is yet to come'; Isolation could raise the risk of domestic abuse; Experts say seclusion, stress from pandemic may worsen already strained relationships.",3/25/20,1,1,1,1,1,1,
29,FIND A SOLITARY PATH,3/26/20,1,0,1,0,0,0,
30,"New Forms of Storytelling—and Old Ones Too; From solitary reading to online book clubs, we will find ways to satisfy the human need for stories",3/26/20,0,1,1,0,0,0,
31,Wisdom of books written in isolation,3/26/20,0,1,1,1,0,0,
32,Moving forward from days of isolation,3/27/20,1,1,1,0,0,0,
33,"1,000 WORDS: DRESDEN, Germany; SOLITARY COUPLE",3/27/20,0,1,1,0,0,0,
34,"Call Me Anytime…No, Really, We're All Answering the Phone Again; Texts can be cold; calls let people hear the concern in your voice. Now that we're all stuck in coronavirus-related social isolation, the phone call is making a big comeback.",3/27/20,1,1,1,0,0,0,
35,"When screen time can make us less alone; In this time of social distancing, sharing our experiences online can help us feel together",3/28/20,1,1,1,0,0,0,
36,"Minnesotans face demands of new work life: Workers, businesses adapt to landscape of technology overload, isolation, child care demands and anxiety of the unknown.",3/29/20,0,1,1,0,0,0,
37,Double-edged sword of isolation: Social distancing helps flatten virus curve but it also might hurt those in sobriety,3/29/20,1,1,1,1,1,1,
38,"In Days of Solitude, Books Can Be Our Passports: [Travel Desk]",3/29/20,1,1,1,0,0,0,
39,World's poor face grave new hardships while in isolation,3/29/20,1,1,1,0,0,0,
40,"CORONAVIRUS; Could COVID-19 make isolation the new normal? A global social experiment, through a Seoul lens",3/30/20,1,1,1,1,1,1,
41,Finding fleeting beauty in isolation,4/1/20,1,0,1,0,0,0,
42,"A Berlin Woman Struggles With Isolation: 'The Dog Gives Me a Reason to Go Out'; After two weeks in her apartment, Julia Schössler is thankful for her German shepherd—and eager to get back to the office",4/1/20,1,1,1,1,1,1,
43,Cystic Fibrosis Intensifies Pandemic for 33-Year-Old Australian; Jonathan Despinidic is mentally preparing to stay in isolation for six months; 'I'm trying to suppress the anxiety and not worry about it.',4/1/20,1,1,1,1,1,1,
44,Foster children feeling the pain of isolation,4/1/20,1,1,1,1,1,1,
45,Easing the isolation with their quarantine buddies; Friends make pact -- no contact with others,4/1/20,1,1,1,1,1,1,
46,Self-isolation can be a portal to 'The Twilight Zone',4/1/20,1,1,1,1,1,1,
47,"Castaways and Other Lonely Survivors; From prisoners to exiles to marooned sailors, human beings have faced the ordeal of enforced solitude.",4/2/20,1,1,1,1,1,1,
48,PRESERVING PASSOVER CLOSENESSIN SELF-ISOLATION: JEWISH FAMILIES IN TAMPA BAY MAKE ADJUSTMENTS TO CELEBRATE THE ANCIENT FESTIVAL OF FREEDOM,4/3/20,1,1,1,0,0,0,
49,Memory Cafe beats isolation: Connecting virtually brings difficult adjustments for dementia patients and their families,4/5/20,1,1,1,0,0,0,
50,"Zoombombing Harms the Alcoholics Anonymous Community; Zoom, the go-to platform for social isolation in the coronavirus pandemic, is no substitute for meeting in person—especially for recovering alcoholics",4/5/20,1,1,1,1,1,0,
51,"Single Life and the Coronavirus; For those living alone, lockdowns can amplify feelings of isolation. 'It's different now because it's imposed.'",4/5/20,1,1,1,1,1,1,
52,Recovery in Isolation: [Op-Ed],4/5/20,1,1,1,1,0,0,
53,Ex-inmate says prison readied him for isolation,4/5/20,1,1,1,1,1,1,
54,"Tough realities as students struggle with home learning; Stress, noise, isolation are just some of the hurdles",4/6/20,1,1,1,0,0,0,
55,A Hostage's Guide to Isolation; What I learned about survival as a Taliban prisoner.,4/7/20,1,1,1,1,1,1,
56,Facebook users returning amid social isolation,4/8/20,1,1,1,0,0,0,
57,"How Rituals and Focus Can Turn Isolation Into a Time for Growth; As the author learned caring for his ailing wife, a well-ordered day with close attention to mundane tasks can let us endure with purpose",4/9/20,1,1,1,1,1,1,
58,"Coronavirus Pandemic Takes Toll on Mental Health; Interrupted treatments, heightened anxiety and enforced isolation could cause lasting damage, especially to those with existing conditions",4/9/20,1,1,1,1,1,1,
59,"A family tested by virus, isolation; When a doctor went into quarantine, even a simple thing as a hug became impossible.",4/9/20,1,1,1,0,1,0,
60,"Even in a Pandemic, No One Should Have to Die Alone; Coronavirus isn't what killed my grandfather at 99, but it kept his loved ones from being there.",4/10/20,1,1,1,0,1,1,
61,"HOLIDAY WEEKEND; MUSIC'S SPIRITUAL SOLACE; Profound pieces by Bach, Wagner, Schoenberg and Adams inspire deep thought in this time of isolation.",4/10/20,0,1,1,0,0,0,
62,"Lessons in Constructive Solitude: [Movies, Performing Arts/Weekend Desk]",4/10/20,1,1,1,1,1,1,
63,"For young caregivers, isolation and sacrifice are nothing new",4/10/20,1,1,1,0,1,1,
64,"As Christians Mark Easter in Isolation, Pope Francis Proclaims 'Contagion of Hope'; Under restrictions imposed in response to the coronavirus pandemic, millions marked Easter Sunday at home",4/12/20,1,1,1,0,1,0,
65,Isolation amid pandemic can trigger mental health issues,4/12/20,1,1,1,1,1,1,
66,STAYING IN THE GAME: SELF-ISOLATION HAS MOVED SOCIAL CIRCLES TO GO ONLINE TO PLAY,4/12/20,1,1,1,0,1,0,
67,"Stories to quell fears,isolation of pandemic",4/12/20,1,1,1,0,1,0,
68,Getting Creative in Not-So-Splendid Isolation: [Sports Desk],4/12/20,1,1,1,0,1,0,
69,Artists struggle to find inspiration in isolation,4/12/20,1,1,1,1,1,1,
70,Turning the page on isolation,4/13/20,1,1,1,0,0,0,
71,"Around the world, 'Easter of solitude'",4/13/20,1,1,1,0,0,0,
72,Teens are equipped to handle isolation,4/13/20,1,1,1,1,1,1,
73,A Star Who Doesn't Mind Being Alone: [The Arts/Cultural Desk],4/13/20,1,1,1,1,1,1,
74,"In cities across the world, an 'Easter of solitude'",4/13/20,1,1,1,0,0,0,
75,"The Irony of Isolation: Reconnecting With Friends During the Coronavirus Lockdown; Amid social distancing and quarantine, people have rekindled friendships and grown closer to neighbors",4/14/20,0,1,1,1,1,1,
76,Hello in There: Older People and Isolation: [Science Desk],4/14/20,1,1,1,1,1,1,
77,Psychology of isolation: Experts offer insight on how children cope with the crisis,4/15/20,1,1,1,1,1,1,
78,A vaccine is our only escape from isolation,4/15/20,1,1,1,0,0,0,
79,Coronavirus Lockdown Lessons—From Antarctica; The crew at Troll station are used to isolation. They have advice to help us avoid the Jack Nicholson route in 'The Shining',4/16/20,1,1,1,1,1,1,
80,The price of isolation,4/16/20,1,1,1,1,0,0,
81,"A Guarded Laureate Of Isolation: [Movies, Performing Arts/Weekend Desk]",4/17/20,1,1,1,0,0,0,
82,Astronauts shed light on how to navigate life in isolation,4/17/20,1,1,1,1,1,1,
83,"Is social isolation getting to you, too?",4/19/20,1,1,1,1,1,1,
84,"This is devastating for us': For those in nursing homes, and their visitors, coronavirus isolation takes a toll",4/21/20,0,1,1,1,1,1,
85,"Solitary Prayers, Stifled Festivals: An Unusual Ramadan: [Foreign Desk]",4/21/20,1,1,1,0,0,0,
86,"In pandemic, isolation 'seems like forever'",4/21/20,1,1,1,0,0,0,
87,Lockdown Is a Stress Test for Relationships; The adversity of the pandemic and isolation is an emotional magnifier.,4/22/20,1,0,1,1,1,1,
88,"Isolation and Illness Give L.A. Writer and a Pitbull a Path to Commitment; Cyrus Dunham was unsure at first about a permanent relationship with a rescue dog, but the lockdown fostered a bond",4/22/20,1,1,1,0,0,0,
89,"How to survive isolation: Drives, hope and Adele: Quad Cities man who did decades in solitary shares tips",4/22/20,1,1,1,1,1,1,
90,"Social Isolation's High Physical and Psychological Toll; Studies of polar researchers, astronauts and others in isolation shed light on possible effects of social distancing, including increased forgetfulness, depression and heart attacks",4/23/20,1,1,1,1,1,1,
91,Sense of isolation reinforced; Pandemic heightens the struggles rural schools already face,4/23/20,1,1,1,0,0,0,
92,Glenn Gould was ready for this moment; His 'Solitude Trilogy' for radio in the 1960s and '70s extolled isolation. Cue: 2020.,4/23/20,1,1,1,1,0,0,
93,Dying in Hotels After New York Tried Isolation: [Foreign Desk],4/24/20,1,1,1,0,0,0,
94,One Benefit of Isolation: [Letter],4/24/20,0,1,1,1,0,0,
95,"FAITH &amp; VALUES: Young folks are lonely, and religion doesn't safeguard them ; Attending services doesn't protect against isolation, survey of youth ages 13-25 finds.",4/25/20,1,1,1,1,1,1,
96,Working it out during their self-isolation,4/26/20,0,1,1,0,0,0,
97,Doing the work: Isolation doesn't mean ending exercise regimens,4/26/20,1,1,1,0,0,0,
98,"ALONE TOGETHER| VIRTUAL REALITY; VR MAY BRING THE EMOTIONAL ESCAPE WE NEED NOW; The headsets still cost too much, but the promises of illusions are closer to becoming an alternate reality in anxious times. Here is how one skeptic became a believer.",4/26/20,1,1,1,0,0,0,
99,"After a lifelong struggle with an eating disorder, she has more to fear than coronavirus during self-isolation",4/26/20,1,1,1,1,1,1,
100,INSIGHTS FROM LIVES OF SOLITUDE,4/27/20,1,1,1,1,1,1,
101,"The Uncanny Pastel Sculptures One Artist Is Making From Quarantine; Her work might look fun, even funny from afar, but up close, it takes a darker turn. Sculptor Genesis Belanger's latest work, created mostly in coronavirus isolation, responds to unsettling times",4/27/20,1,1,1,0,0,0,
102,"For Sondheim's 90th, the Ache of Isolation: [Review]",4/28/20,0,1,1,0,0,0,
103,Ramadan in a time of coronavirus; The solitude of social distancing gives the faithful time to reflect on Ramadan's core principles.,4/28/20,1,1,1,1,1,1,
104,"Tired of Isolation, More Americans Venture Outside: [Foreign Desk]",4/29/20,1,1,1,0,0,0,
105,PERSPECTIVES; The psychological toll of isolation; The effects on mental health can be dire and lasting. But we might also become more resilient in long run.,4/30/20,1,1,1,1,1,1,
106,"A Time for Isolation, Reflection and Burying the Hatchet: [Style Desk]",4/30/20,1,1,1,1,1,1,
107,"The Diary of Anne Frank' Review: Isolation as a Matter of Life and Death; An ambitious Zoom-based performance of the stage version of the historic journal is an inspired, moving use of the software.",4/30/20,0,1,1,1,0,0,
108,Feeling hopeless? Worried?: You're not alone,5/1/20,1,1,1,0,1,0,
109,DATING IN A TIME OF ISOLATION,5/2/20,1,1,1,1,1,1,
110,"EPIPHANY OUT OF EPIDEMIC; IN TOUGH TIMES AND TIGHT SPACES, OUR TRUE COLORS SHINE THROUGH, WHETHER WE'RE ALONE OR TOGETHE",5/2/20,1,1,1,1,1,1,
111,Eating disorders can be exacerbated by isolation: The pandemic has made dealing with eating disorders difficult. But there are positive trends.,5/3/20,1,1,1,1,1,1,
112,I Need a Vacation From Parenting in Isolation: [Style Desk],5/3/20,1,1,1,0,0,0,
113,Finding Some 'Alone Time' in a Crowded World: [Real Estate Desk],5/3/20,1,1,1,1,1,1,
114,Coping with isolation: Two experts on being very alone offer tips to stay healthy,5/4/20,1,1,1,1,1,1,
115,"A Stifling Isolation, Broken Up by the Evening Song of Street Chatter: [Correction]",5/5/20,1,1,1,0,0,0,
116,What is it like to paint a mural in isolation?,5/6/20,1,1,1,0,0,0,
117,"Duchess talks isolation, photo project",5/8/20,1,1,1,0,0,0,
118,"time warp: Why isolation makes days rush by for some, drag for others",5/12/20,0,1,1,0,0,0,
119,"For elderly, pandemic forces them into 'cruel' isolation",5/12/20,1,1,1,1,1,1,
120,"In isolation, together",5/12/20,1,1,1,,,,Not Found
121,Class of 2020's solitary walk,5/14/20,1,1,1,0,0,0,
122,"How to Expand Your Quarantine Bubble; Tired of isolation, more people are seeing friends and extended family. There are ways to manage the risk.",5/14/20,1,1,1,1,1,1,
123,"In This Age of Self-Isolation, Architects See Their Homes From a Different Angle; These designers are rethinking the configuration of their own houses for a post-pandemic world",5/14/20,1,1,1,0,0,0,
124,Isolation isn't new for those with intellectual disabilities,5/14/20,1,1,1,0,0,0,
125,A look back at Biosphere 2 and life in isolation [Corrected 05/16/2020],5/15/20,1,1,1,0,0,0,
126,MINNSPIRATIONS: CYBER-SENIORS COMBATS ISOLATION,5/16/20,1,1,1,1,1,1,
127,Meet the Men Sewing Their Way Through Isolation; Men across the country are filling their otherwise empty schedules with DIY fashion projects like stitching pockets on old sweatshirts and experimenting with tie-dye,5/16/20,1,1,1,1,0,0,
128,"Let Children Go to Summer School; Reopening classrooms brings risks. But they can be mitigated, and isolation costs kids far more dearly.",5/18/20,1,1,1,1,0,0,
129,I Feel Like a Hero': An Instacart Shopper's Solitary Day: [Foreign Desk],5/18/20,1,1,1,0,0,0,
130,"THE NATION; Young, alone and a target for deportation; Under Trump policy, migrant children are being cut off from family and counsel.",5/20/20,1,1,1,0,0,0,
131,Isolation-inspired historians,5/21/20,1,1,1,0,0,0,
132,Sheltered at Home: WSJ Members Share Photos of Life in Isolation; We asked readers to share photos of the silver linings found during the pandemic,5/22/20,1,1,1,0,0,0,
133,Bittersweet Solitude: [Foreign Desk],5/22/20,1,1,1,1,1,1,
134,Isolation is acute for new moms: The pandemic has altered plans many had for support,5/25/20,1,1,1,1,1,1,
135,"More People Are Taking Drugs for Anxiety and Insomnia, and Doctors Are Worried; As coronavirus health concerns, social isolation and job-loss stress take a toll, people turn to medications; 'It can very quickly become a habit'",5/25/20,1,1,1,0,0,0,
136,"The Solace of Solitary Encounters With Classical Music; Nothing can replace a live concert, but listening to great music alone can be the opposite of isolation and an antidote for loneliness",5/28/20,0,1,1,1,1,1,
137,SPORTS; International athletes face different challenges; Long waits to get home and days spent in isolation are just some of the issues UCLA and USC student-athletes experienced during pandemic,5/28/20,0,1,1,0,0,0,
138,"Ack-worthy quarantine moments: Cartoonist who gave us ""Cathy"" is now posting daily ""Scenes From Isolation"" on Instagram.",5/28/20,1,1,1,1,1,1,
139,C.D.C. Envisions Isolation in the Workplace: [Business/Financial Desk],5/29/20,1,1,1,0,0,0,
140,"For artists hit hard by isolation, a creative jolt",5/29/20,1,1,1,1,1,1,
141,L.A. AFFAIRS; Stay home? Good call; A PHONE DATE DURING ISOLATION MAKES FOR A REAL CONNECTION,5/30/20,1,1,1,0,0,0,
142,Protests Draw Shoulder-to-Shoulder Crowds After Months of Virus Isolation [With graphic(s)],6/2/20,1,1,1,0,0,0,
143,Sellers of Sex Toys Capitalized on All That Alone Time [With graphic(s)],6/7/20,1,1,1,0,0,0,
144,"BOOK REVIEW; You're probably wrong about Ottessa Moshfegh; Celebrated for her novels, occasionally vilified for a persona she can't control, the author of 'Death in Her Hands' is our prophet of solitude",6/7/20,1,1,1,0,0,0,
145,Ballerina keeps dream alive even in isolation,6/8/20,1,1,1,0,0,0,
146,Isolation must be recognized as a form of elder abuse by Illinois task force,6/8/20,1,1,1,1,1,1,
147,"After 12-Hour Shifts, Solitude and Sanctuary: [Foreign Desk]",6/11/20,1,1,1,0,0,0,
148,The pandemic is a lonely time. These poems speak to our sense of solitude.,6/14/20,1,1,1,1,1,1,
149,"The Toll That Isolation Takes on Kids During the Coronavirus Era; Playing with peers has important developmental benefits, and doctors worry that children are missing out on them now.",6/15/20,1,1,1,1,1,1,
150,Isolation and harmful drinking: Addiction experts worried about all the 'quarantinis' we're having,6/17/20,1,1,1,1,1,1,
151,"THE CONTENDERS; Satire takes peek into the future; For 'Avenue 5,' his follow-up to 'Veep,' writer-creator Armando Iannucci put humans in isolation under extreme stress. Sound familiar?",6/18/20,0,1,1,0,0,0,
152,"The Family That Quarantines Together Gets the Parts; 'Isolation Stories,' 'The Miss Quarantine Pageant' and other productions contain coronavirus risks by signing ready-made casts—also known as families.",6/23/20,0,1,1,0,0,0,
153,"For a Va. college, its tiny size, isolation are assets",6/29/20,1,1,1,0,0,0,
154,Isolation tough for young Pride participants,6/30/20,1,1,1,0,0,0,
155,"Songs for a Summer of Solitude; Concerts may be canceled and parties put on hold, but there's still plenty of outstanding new music to fill a seasonal playlist.",7/1/20,1,1,1,0,0,0,
156,Social isolation during COVID-19 pandemic has hidden health risks -- especially for seniors,7/7/20,0,1,1,1,1,1,
157,Being alone can be sad and scary. But it can also be calm and wonderful.,7/7/20,1,1,1,1,1,1,
158,"Interns Seek Solutions to Isolation During the Summer of Coronavirus; Halfway through their internships, young workers are sending signals that more communication makes all the alone time more manageable",7/13/20,1,1,1,1,1,1,
159,"Teenage Angst, Revisited in Isolation [With graphic(s)]",7/16/20,1,1,1,0,0,0,
160,Self-inflicted isolation,7/16/20,1,1,1,0,0,0,
161,Adopting a pet may help reader cope with isolation,7/21/20,1,1,1,1,1,1,
162,Lonely Girls: How the Pandemic Has Deepened the Isolation of Adolescents; The coronavirus lockdown has increased the fear of missing out for many girls; social media reveals who's getting together and who's stuck at home,7/28/20,1,1,1,1,1,1,
163,"Nature unimproved: Door County state park on Lake Michigan offers easy hikes, natural beauty, solitude",8/2/20,1,1,1,0,0,0,
164,Losing a grandma in the alone times,8/9/20,1,1,1,1,1,1,
165,Coronavirus Turmoil Raises Depression Risks in Young Adults; Social isolation and vanished opportunities caused by Covid-19 bring a mental-health toll for those on the cusp of careers and adulthood,8/10/20,1,1,1,1,1,1,
166,NASSAU COUNTY: WRITE STUFF: TECHNOLOGY HELPS MAKE PEN PALS OF STUDENTS AND SENIORS LIVING IN ISOLATION,8/14/20,0,1,1,1,1,1,
167,A solitary row,8/15/20,1,1,1,,,,Not Found
168,CALIFORNIA SOUNDS; CRUSHING TODAY'S STATE OF SOLITUDE,8/16/20,1,1,1,0,0,0,
169,Tweens vs. loneliness: How to fight isolation in the pandemic,8/18/20,1,1,1,1,1,1,
170,I’m Only One Human Being’: Parents Brace for a Go-It-Alone School Year,8/19/20,1,1,1,0,0,0,
171,Covid Summer Drew This Tourist off the Beaten Path; Where can you go to be alone without feeling lonely? Try the geographic center of the country.,8/21/20,1,1,1,0,0,0,
172,Why colleges can't keep the virus out; Students are in the age group most distressed by pandemic isolation.,8/25/20,1,1,1,1,1,1,
173,How Isolation Hurts Elders: [Letter],8/26/20,1,1,1,1,1,1,
174,Intimacy in Isolation: [Style Desk],8/30/20,1,1,1,1,1,1,
175,"Alice Koller, 94, Troubled Author of the Solitary Life: [Correction]",8/31/20,1,1,1,1,1,1,
176,"The College Student's Guide to Back-to-School Quarantine: Pop-Tarts, Cross-Stitch, Prison Morse Code; Some campuses are starting the year with a two-week lockdown to try to contain Covid-19, and that's a lot of alone time; 'I'm trying to fill up space.'",8/31/20,1,1,1,1,1,1,
177,"Here's How College Students Are Spending Their Campus Quarantines; Cross-stitching, coding and trivia are among the hobbies students are enjoying during the two-week period of isolation on campuses",9/1/20,1,1,1,0,0,0,
178,Blissful solitude by boat,9/6/20,1,1,1,1,1,1,
179,"Readers Share Worry, Hope for Isolated Elderly in Covid Pandemic; A WSJ article about the negative health effects of isolation prompted readers to share their own experiences",9/7/20,1,1,1,1,1,1,
180,"Hardly a pandemic getaway; Hikers seeking fresh air, solitude and life away from the virus lockdowns encounter a Sierra firestorm and narrowly escape",9/9/20,1,0,1,0,0,0,
181,Retired Colonel Criticizes ‘Solitary Confinement’ of Quarantined Soldiers at Guantánamo,9/13/20,1,1,1,0,0,0,
182,A New Prescription: A Dose of Live Music for Hospital Patients; A professional violist is playing for neurology patients at a Chicago hospital to study music's effect on their anxiety and isolation; 'It's very comforting for people when they're sick.',9/14/20,1,0,1,0,0,0,
183,Guantánamo Base Is Accused of Putting Arriving Troops Into 'Solitary Confinement': [Foreign Desk],9/14/20,0,1,1,0,0,0,
184,TORONTO INTERNATIONAL FILM FESTIVAL; ISOLATION THEMES FIND THE RIGHT ERA; Director Chloe Zhao's film 'Nomadland' and Francis Lee's 'Ammonite' are zeroed in on a pandemic zeitgeist vibe,9/14/20,1,1,1,0,0,0,
185,Has forced isolation killed your social skills?,9/14/20,1,1,1,1,1,1,
186,Eating disorder calls surge nearly 80% in isolation,9/14/20,1,1,1,1,1,1,
187,"Loves boyfriend, but also loves solitude",9/15/20,1,1,1,1,1,1,
188,ASMR videos helping people cope with isolation,9/16/20,1,1,1,1,1,1,
189,Center delivers holiday meals for solitary seniors,9/18/20,1,1,1,0,0,0,
190,Voting in a Time of Isolation and Division: [Style Desk],9/20/20,1,1,1,1,1,1,
191,Feels Like 100 Films In Solitude: [The Arts/Cultural Desk],9/23/20,1,1,1,0,0,0,
192,"2,000 Miles, 650 Trails, No One in Sight: The Solitude of Hiking in a Time of Virus",9/26/20,1,1,1,1,1,1,
193,"Coronavirus Spreads Deep Into the Amazon, Imperiling an Ancient Tribe; Covid-19 is infecting the Yanomami, who are uniquely vulnerable due to their isolation, poor health care and high sociability",9/27/20,0,1,1,1,0,0,
194,Another Kind of Isolation on Record-Breaking Hike: [Foreign Desk],9/27/20,1,0,1,1,1,1,
195,"Dreams of being alone, but all together, at a bar",9/29/20,1,1,1,1,1,1,
196,U.S. Army Saw Rise in Suicides as Covid-19 Pandemic Locked Down Nation; Military leaders say stress of isolation from co-workers and family contributed to increase in deaths,10/1/20,0,1,1,1,1,1,
197,Mad at the World: A Life of John Steinbeck' Review: The Poison Cup of Gold; His drive to create was unstoppable—and so was his need for solitude.,10/2/20,0,1,1,0,0,0,
198,"Pandemic, New Platforms Prompt Surge in New Therapists; Increased demand for mental health help, advances in telemedicine and the desire for more fulfilling work are driving industry growth; 'It's a direct result of this time of isolation'",10/4/20,1,1,1,0,0,0,
199,"The isolation of Rita Thomas: “I don’t want to live this way anymore,” the 95-year-old told her daughter",10/5/20,1,1,1,1,1,1,
200,"L.A. AFFAIRS; Spacing issues; MOVING IN TOGETHER MADE SENSE. THEN THE PANDEMIC HIT, AND WE CAME TO REALIZE WE NEED TIME TO BE ALONE",10/10/20,1,1,1,0,0,0,
201,New York City Vowed to Reduce Solitary Confinement. Why Hasn't It?: [National Desk],10/13/20,1,0,1,0,0,0,
202,"The Dream Is Real: You're Finally Home Alone Again; As family members head out of the house more for work or school, people who have gone months without quiet time are savoring some while they can",10/19/20,1,1,1,1,1,1,
203,"Alexandra Korry, 61, Who Denounced Solitary for Juveniles: [Biography]",10/23/20,0,1,1,0,0,0,
204,"U, Minnesota State team up to address student mental health: Demand, strong before the pandemic, has ebbed despite isolation, turmoil.",10/23/20,1,1,1,0,0,0,
205,Pandemic-Forced Isolation Opens New Artistic Pathways,10/24/20,1,1,1,0,0,0,
206,A Hamptons Home Built for Both Entertaining and Solitude Is on the Market: [Real Estate Desk],10/25/20,0,1,1,0,0,0,
207,"From Isolation, New Pathways: [SpecialSections]",10/25/20,1,1,1,0,0,0,
208,Countries Try Shorter Covid-19 Quarantines in Bid to Boost Compliance; Advocates say reducing the isolation period could help combat pandemic fatigue; others warn the gamble could backfire,10/27/20,0,1,1,0,0,0,
209,Isolation's tragic toll on vets,10/27/20,1,1,1,1,1,1,
210,A New 'Slow Killer' Overruns U.S. Nursing Homes: Isolation: [Foreign Desk],10/31/20,1,1,1,1,1,1,
211,"Distanceyearning: Florida seniors endure forced isolation of the past seven months, gain wisdom they’ll take with them through the rest of the pandemic",11/1/20,1,1,1,1,1,1,
212,"Police pin rise in murders on virus: Poverty, isolation are blamed for killings across US",11/3/20,1,1,1,0,0,0,
213,Claire Messud has an antidote to polarization and isolation,11/3/20,1,1,1,0,0,0,
214,Agnes Martin's paintings offer quiet solitude in our noisy isolation,11/8/20,1,1,1,0,0,0,
215,Heart: A Danger From Social Isolation: [Science Desk],11/10/20,1,1,1,1,0,1,
216,"Songs From Home' by Fred Hersch Review: Adapting an Artform to a Pandemic; The pianist's latest album upends the traditional jazz paradigm where live performances and audiences are paramount, instead recording music alone that's meant for listening in solitude.",11/11/20,1,1,1,0,0,0,
217,Teens in COVID Isolation: ‘I Felt Like I Was Suffocating’,11/12/20,1,1,1,1,1,1,
218,We have to think of new ways to connect': Shining a glimmer of light on nursing home residents facing isolation during the coronavirus pandemic,11/23/20,1,1,1,0,0,0,
219,What We Can Learn From Solitude,11/27/20,1,1,1,1,1,1,
220,"Low-income seniors feeling the pandemic; Many spend days alone in rooms, with food delivery their only human contact.",11/28/20,1,1,1,1,1,1,
221,"In Europe's Nursing Homes, a Soaring Covid-19 Death Toll and the Pain of Isolation; Many facilities on the continent resist isolating residents, saying prolonged solitude is also harmful",11/30/20,0,1,1,1,1,1,
222,Romance scams play off isolation,12/2/20,1,1,1,0,0,0,
223,"Joy, isolation and then death",12/4/20,1,1,1,1,1,1,
224,Pandemic pushes caregivers to limits: Tampa Bay area agencies say people who care for loved ones with ailments have been struggling with burnout and isolation since the coronavirus hit Florida. It has caused a growing need for support so they can find time to relax or get away,12/5/20,1,1,1,1,1,1,
225,Seniors form COVID pods to ward off isolation: Expert opinions differ on whether it's safe or not,12/6/20,1,1,1,1,1,1,
226,ISOLATION IN NURSING HOMES IS 'HEARTBREAKING': FAMILIES SAY IN-PERSON VISITS UNDER HEALTH GUIDELINES SHOULD BE ALLOWED,12/7/20,1,1,1,0,0,0,
227,The Solitude of Stardom Yields Source Material: [Review],12/9/20,1,1,1,0,0,0,
228,"Alone for Covid Holidays? Family Recipes, Flexibility and Online Connections Can Help; How people across the U.S. are dealing with a more solitary holiday season",12/16/20,1,1,1,1,1,1,
229,"CORONAVIRUS IN CALIFORNIA; Chaplains are lifeline for inmates amid virus; Jail, prison clergy strive to stay connected with those in lockups facing greater isolation",12/16/20,1,1,1,0,0,0,
230,"Intimations' Review: Scenes from a Global Humbling; From solitary suffering to madness in company, Zadie Smith traces the pandemic's marks on the human heart.",12/18/20,1,1,1,0,0,0,
231,"Covid Spurs Families to Shun Nursing Homes, a Shift That Appears Long Lasting; Fearing infection and isolation, relatives are turning to home care as new services make that option more possible for many",12/21/20,0,1,1,0,0,0,
232,Safety: Falls Linked to Social Isolation: [Science Desk],12/22/20,1,1,1,1,1,1,
233,COLUMN ONE; Some down-to-Earth talk; Ham radio can ease the isolation of life in space,12/25/20,1,0,1,0,0,0,
234,Easing senior isolation is often a click or a call away: Nonprofits strive to keep older adults active amid pandemic,12/26/20,1,1,1,1,1,1,
235,"Pregnancy loss, virus diagnosis bring isolation; Coping with COVID, woman's quarantine adds emotional weight to physical recovery.",12/27/20,0,1,1,1,0,0,
236,Reflecting on a pants-less year of isolation and hand-washing,12/30/20,1,1,1,0,0,0,
237,Isolation and inundation,12/30/20,1,1,1,0,0,0,
238,Full Isolation: [Op-Ed],1/3/21,1,1,1,1,1,1,
239,"To cope with the isolation of the pandemic, she embraced the natural world. She wasn't alone.",1/3/21,1,1,1,1,1,1,
240,Shrouded in solitude,1/9/21,1,1,1,0,0,0,
241,"CORONAVIRUS IN CALIFORNIA; Easing teens' 'collective trauma' during pandemic; Through the nonprofit City Year, recent college grads help students navigate the fear and isolation.",1/12/21,1,1,1,1,1,1,
241,"Arias on Identity, Isolation and Fear; This year's Prototype Festival features six boundary-pushing operas, most of which can be enjoyed at home.",1/13/21,0,1,1,0,0,0,
243,Looking for a cure for loneliness? Try the arts: Minnesotans combat the pain of isolation with projects big and small.,1/17/21,1,1,1,1,1,1,
244,Artists' works reflect the effects of confinement and isolation,1/17/21,1,1,1,0,0,0,
245,"THE COMPOSERS; Beauty rises out of isolation and sorrow; Scores by Terence Blanchard, Howard Shore, and Trent Reznor and Atticus Ross manage to soothe at the same time they reflect pain.",1/26/21,1,1,1,0,0,0,
246,Laughter Refreshes Bonds With Departed Loved Ones; Shared delight in the midst of grief can only occur with others; solitary grieving cannot accommodate laughter.,1/31/21,0,1,1,1,1,1,
247,WHY OLDER PEOPLE HAVE A HARDER TIME IN THE PANDEMIC; SENIORS WERE ALREADY IN A LONELINESS EPIDEMIC. HERE'S HOW TO EASE THE ISOLATION FOR YOURSELF OR LOVED ONES,2/6/21,1,1,1,1,1,1,
248,Alison Wright Turned Isolation Into Stardom; The 'Snowpiercer' and 'Americans' actress developed emotional awareness as a young dancer in England,2/10/21,0,1,1,0,0,0,
249,You Should Talk to Strangers—Even During the Pandemic; Social distancing and isolation mean we're missing out on serendipitous exchanges with strangers. Here's why—and how—we should work to make them happen.,2/16/21,0,1,1,1,0,1,
250,THE CONTENDERS; A connection amid isolation; David Strathairn admires the resiliency of the community of outliers in 'Nomadland.',2/18/21,0,1,1,0,0,0,
251,New Mothers Are Lonely During Coronavirus. Mom-Shaming on Social Media Is Making It Worse. The pandemic has exacerbated the isolation of early motherhood; some apps are trying to create a safer space for new moms,2/20/21,1,1,1,1,0,0,
252,Lonely? Matchmakers say you're not alone; DATING COACHES REPORT BOOMING BUSINESS DESPITE THE PANDEMIC'S RESTRICTIONS. CLIENTS HAVE TIME TO FOCUS.,2/20/21,0,1,1,0,0,0,
253,"Inoculated but still on lockdown in care homes; With vaccination rates up, many are desperate to ease crushing isolation in nursing facilities",2/20/21,0,1,1,1,0,1,
254,"Empty Shelves, Broken Pipes and a Feeling of Being 'Alone Out Here': [National Desk]",2/26/21,1,1,1,0,0,0,
255,Asian Americans are feeling under attack and largely alone,2/26/21,0,1,1,0,0,0,
256,"THE PANDEMIC :: ONE YEAR IN; After a year of COVID isolation, the usual feels odd",3/11/21,1,0,1,0,0,0,
257,I confess: I've enjoyed the solitude of this pandemic year,3/12/21,1,1,1,1,1,1,
258,Garner finds peace being home alone,3/17/21,1,1,1,0,0,0,
259,"How to Prepare Pets for Your Return to the Office; Many pets, especially those adopted during the pandemic, aren't used to being left home alone regularly. A vet explains what owners can do to relieve the stress",3/20/21,0,1,1,0,0,0,
260,"They give birth, and they're alone': An Italian mother's covid isolation",3/24/21,0,1,1,0,0,0,
261,End Long-Term Solitary Confinement: [Editorial],3/26/21,0,1,1,1,0,0,
262,"SAM GENDEL'S LUSH PANDEMIC; THE ECLECTIC JAZZ MUSICIAN'S STREAK OF ALBUMS HELPED EASE THE ISOLATION. THINK OF HIS LATEST, A 52-SONG OPUS, AS HIS 'PLAYLIST.'",3/28/21,1,1,1,0,0,0,
263,"After Suicide of Loved Ones, Toll of Long Isolation Is Felt: [Foreign Desk]",3/28/21,1,1,1,1,0,1,
264,My 18 Years in Solitary Confinement: [Op-Ed],3/29/21,1,1,1,1,0,0,
265,"For children, isolation can linger: Some kids who have fallen off the 'coronavirus cliff' need adult support",4/2/21,1,0,1,1,1,1,
266,Solitary Confinement: [Letter],4/2/21,0,1,1,0,0,0,
267,"Pandemic Spreads Isolation, and Nations Try to Soften the Sounds of Silence; Coronavirus-era social isolation prompts Japan to name a loneliness minister",4/4/21,1,1,1,1,1,1,
268,"For Elizabeth Perkins, Life on a New England Farm Let Her Imagination Run Wild; The co-star of 'The Moodys' on how isolation and parental alcoholism led her to acting",4/6/21,0,1,1,0,0,0,
269,"Self-barred gamblers return to casinos amid stress, isolation of pandemic",4/7/21,0,1,1,0,0,0,
270,"Loneliness, Anxiety and Loss: the Covid Pandemic's Terrible Toll on Kids; A year of school shutdowns and family trauma leads to social isolation, stress and mental-health issues",4/9/21,1,1,1,1,1,1,
271,"Introvert, extrovert: Who are you now?: Social distancing and isolation have taxed extroverts and introverts, but for different reasons. Has your personality changed permanently?",4/10/21,1,1,1,1,0,1,
272,What Covid-19 Taught Us About the High Cost of Isolation; Let's take the lessons of the past year and apply them to the post-pandemic world,4/10/21,1,1,1,1,1,1,
273,Slim but spirited farm fables: FICTION: Jim Heynen's collection of short-short stories offers flashes of the beauty and solitude of a rural childhood.,4/11/21,1,1,1,0,0,0,
274,Cook County chief judge's office to examine solitary confinement practices at juvenile jail,4/16/21,0,1,1,0,0,0,
275,The Solitary Queen: [Letter],4/20/21,1,1,1,1,0,1,
276,"At D.C. jail, a mass form of solitary confinement",4/20/21,0,1,1,1,1,1,
277,Even introverts feel isolation,4/24/21,1,1,1,1,1,1,
278,The torture of solitary,4/29/21,1,1,1,0,0,0,
279,"Tech Firms Tweak Work Tools to Grapple with 'Digital Exhaustion'; Workplace experts say it's a start, but the new features don't fully address the burnout and isolation of at-home workers",4/30/21,1,1,1,0,0,0,
280,How isolation during this pandemic can make your chronic pain worse,5/11/21,1,1,1,1,0,1,
281,The pandemic actually eased my isolation,5/11/21,1,1,1,1,1,1,
282,Friend worries about best friend's isolation,5/18/21,1,1,1,0,0,0,
283,Bills aim to avoid nursing home isolation,5/24/21,0,1,1,0,0,0,
284,The power of creative isolation,6/11/21,1,1,1,0,0,0,
285,"Life on the lake: DOCKS BRING US CLOSER TO NATURE, WHETHER FOR SOLITUDE, SOCIALIZING OR JUST A LITTLE FUN.",6/20/21,0,1,1,0,0,0,
286,Friendships 'cannot just exist on texts alone': It's time to revive relationships that were disrupted by the pandemic,6/20/21,1,1,1,0,0,0,
287,A Millennium Of Solitude Hasn't Cowed This Giant: [National Desk],6/29/21,0,1,1,0,0,0,
288,Working within isolation; Roberto Gil de Montes' paintings capture our current distanced states,7/4/21,1,1,1,0,0,0,
289,Illustrating isolation: Is loneliness the biggest thing we never talk about? Enter 'Seek You' by former Chicago author Kristen Radtke,7/14/21,1,1,1,1,1,1,
290,"U.S. Drug-Overdose Deaths Soared Nearly 30% in 2020, Driven by Synthetic Opioids; Fentanyl, along with isolation and stress from Covid-19 pandemic, propelled surge, experts say",7/14/21,1,0,1,1,0,1,
291,"2020’s hidden epidemic: Fueled by isolation, mental health issues and unemployment, overdose deaths have surged",7/18/21,1,0,1,1,0,1,
292,"Virus fueled booze use, experts say: Sales soared during pandemic amid isolation, job loss",7/18/21,1,1,1,0,0,0,
293,"Isolation, inequity make heat waves more deadly",7/22/21,1,1,1,0,0,0,
294,Wife's request for alone time at home unmet,7/25/21,1,1,1,0,0,0,
295,"For Olympic Athletes, It's Been an Even More Stressful Games Than Usual; The pandemic has made enduring the isolation and anxiety of competing in the Olympics even more difficult for athletes",7/31/21,1,1,1,0,0,0,
296,The Dystopian Quarantines That Crushed Olympic Dreams; Isolation exacerbated the devastation felt by athletes who tested positive for Covid-19 in Tokyo. One athlete built a companion named Bob for company.,8/5/21,1,1,1,0,0,0,
297,"Enigmatic Isolation; Mysteries abound in Edward Hopper's 'Western Motel,' which invites viewers to craft their own story about what's happening.",8/6/21,0,1,1,0,0,0,
298,"The Smarter Way to Visit Great Smoky Mountains, America's Most Popular National Park; On a return trip to Great Smoky Mountains National Park, a traveler learns from past mistakes and finds her own patch of euphoric solitude. Plus: Best strategies for beating the crowds at Yellowstone, Zion and the Grand Canyon.",8/6/21,1,1,1,1,0,0,
299,Here to Help; How Parents Can Get Alone Time: [The Arts/Cultural Desk],8/18/21,1,1,1,1,0,0,
300,Time for Pandemic Puppies to Learn How to Be Alone,8/21/21,1,1,1,0,0,0,
301,"How parents and teachers can help kids: After a year of isolation, some are nervous about returning to school",8/29/21,1,1,1,0,0,0,
302,"Sweet, sweet solitude",9/5/21,1,1,1,0,0,0,
303,An Open-Air Retreat With Oceanfront Solitude: [Real Estate Desk],9/12/21,0,1,1,0,0,0,
304,"Anxious About Talking to People After Lockdown? Here's Some Advice; After months of isolation, you may feel you have nothing interesting to say. But research shows you can relax.",9/13/21,1,1,1,1,0,1,
305,"29-mile trail loop offers epic views, solitude",9/20/21,0,1,1,0,0,0,
306,"In Costa Rica, a Family Vacation That Rivals the Kardashians'—Only Much Cheaper; Seeking adventure in solitude, two families book an entire rainforest lodge for themselves and spend a week ziplining, jumping into rapids and boating through eerie mangroves. 'Even the teens were impressed.'",9/29/21,0,1,1,0,0,0,
307,COVID adds to isolation for some,10/10/21,1,1,1,1,0,1,
308,"Zoom, Slack, Google Hangouts and More: The Hidden Risks of Remote Work; A researcher says they have many benefits. But they also come with four big downsides: isolation, exclusion, surveillance and self-censorship.",10/29/21,0,1,1,0,0,0,
309,The Self-Isolation of the American Left: [Op-Ed],10/29/21,1,1,1,0,0,0,
310,"Solitary confinement, says Angela Davis, is torture. Illinois has a chance to restrict its use. [Corrected 11/06/2021]",11/5/21,0,1,1,0,0,0,
311,Isolation: [Review],11/5/21,1,1,1,0,0,0,
312,"Emotional toll of adult acne: Facial blemishes can affect people in their 30s, 40s and beyond, leading to depression, anxiety and social isolation",11/10/21,1,1,1,0,0,0,
313,"In Elizabeth Holmes Trial, Ex-Theranos Employees Cite Culture of Fear and Isolation; Pervasive secrecy kept even high-ranking people at startup in the dark, former employees say in testimony",11/13/21,1,1,1,0,0,0,
314,"Five Principles for a Better Post-Pandemic You; Covid has worsened the stress and isolation of modern life, but a few simple ideas can put us on the path to well-being.",11/19/21,1,1,1,1,0,1,
315,Youths facing mental health crisis; Surgeon general issues advisory to focus attention on problems made worse by pandemic isolation.,12/7/21,1,1,1,0,1,1,
316,Feeling truly alone? Here are ways to fight it.,12/7/21,1,1,1,1,1,1,
317,"In a Time of Crisis, a City Fights Isolation",12/15/21,1,1,1,1,0,1,
318,Adams's Reform Plan for Rikers Reinstates Solitary Confinement: [National Desk],12/17/21,0,1,1,0,0,0,
319,LONELY HEARTS UNITE; ARTISTS FROM AROUND THE WORLD TAKE ON PANDEMIC-ERA FEELINGS OF ISOLATION AND MELANCHOLY IN A CATHARTIC NEW EXHIBITION AT LAXART,12/19/21,1,1,1,0,0,0,
320,"A House Ideal for Reunions, and Time Alone: [Real Estate Desk]",12/26/21,1,1,1,0,0,0,
321,READERS WRITE The question of isolation,12/26/21,1,0,1,0,0,0,
322,"U.S. Companies Say Shortened Isolation Will Ease Staffing Woes, but Health Concerns Linger",12/28/21,1,1,1,0,0,0,
323,"Elder Abuse Spreads, Stoked by the Pandemic; Older Americans are falling victim to fraud, physical violence and neglect as family isolation and staffing shortages erode safeguards",12/28/21,1,0,1,0,0,0,
324,Dangerous isolation follows clearing of encampments,1/6/22,0,1,1,0,0,0,
325,"Magic' Multigenerational Housing Aims to Alleviate Social Isolation; Two co-living communities set to break ground this year seek to address loneliness, as well as the caregiving and affordable-housing shortages, in the U.S.",1/10/22,1,1,1,1,1,1,
326,Pope Francis Denounces 'Cancel Culture' and Antivaccine 'Ideology'; Pontiff also warned of children's social isolation from school closures during pandemic,1/10/22,1,1,1,0,0,0,
327,Solitary defined: matter of opinion: Rights advocates differ widely with prison officials on the meaning of isolation,1/16/22,0,1,1,1,0,0,
328,Feeling especially anxious? You're not alone; Stress levels are at an 'all-time high' amid a pandemic that seems as if it will never end.,1/19/22,1,1,1,0,0,0,
329,Isolating incidents: State prisons should limit the use of solitary confinement,1/23/22,0,1,1,0,0,0,
330,Holocaust survivor voices through isolation of pandemic [Corrected 01/29/2022],1/28/22,1,1,1,0,0,0,
331,"The invisible toll of fibroids: Black women are more likely to have uterine growths, experience debilitating symptoms that can leave them feeling fearful, depressed, helpless and alone",2/2/22,1,1,1,0,0,0,
332,Our cells 'listen for loneliness'; 'So lonely you could die' isn't just a song lyric. Neurogenomics is proving the human nervous system is not well suited to isolation.,2/6/22,1,1,1,1,1,1,
333,Zendesk Needs to Find Peace in Solitude; Acquisition of SurveyMonkey parent looks unlikely against sharp opposition,2/15/22,1,1,1,0,0,0,
334,"27 Years in Solitary, and a Plea for Help: [National Desk]",2/15/22,0,1,1,1,0,0,
335,Solitary confinement is torture,2/17/22,1,1,1,0,0,0,
336,A Fantasy Writer With Dreams of Solitude: [Metropolitan Desk],2/20/22,1,1,1,0,0,0,
337,"For Some in England, End of Virus Rules Threatens More Isolation",2/23/22,1,0,1,0,0,0,
338,The costs of solitary,2/24/22,1,1,1,0,0,0,
339,The Forced Isolation of Children in the Covid Era; More acknowledgment that harms were many and benefits were few.,3/8/22,1,1,1,0,0,0,
340,Being Alone Doesn't Have to Be Lonely: [Science Desk],3/8/22,1,1,1,1,1,1,
341,"With solitary deaths rising, finding survivors is a struggle",3/14/22,1,1,1,0,0,0,
342,"One hot summer: After two years of COVID-caused disruption and isolation for kids, there's an explosion of interest in camps.",3/19/22,1,1,1,0,0,0,
343,"To Enjoy Social Contact, Choice Matters; New research shows that people are least happy when they don't have control over whether to spend time alone or in a group",3/24/22,1,1,1,1,1,1,
344,"Loneliness, anxiety, isolation: Long Island moms describe pandemic's toll: MOMS OF THE PANDEMIC: Stress, lack of support causing mental health problems",3/28/22,1,1,1,1,1,1,
345,"How the Epic, Dystopian Novel Took Over Bookshelves; Between the enforced isolation of the pandemic and the specter of apocalypse, prize-winning novelists like Jennifer Egan, Emily St. John Mandel and others have turned their sights on dystopian, grand-scale fantasies. Why?",3/31/22,1,1,1,0,0,0,
346,Walking group helps women connect after two years of pandemic solitude,4/4/22,1,1,1,0,0,0,
347,Writers Gather to Discuss the Role of Literature in Times of War and Isolation,4/5/22,1,1,1,0,0,0,
348,"These Country Getaway Rentals Are So Well Hidden Their Location Is Top Secret; In these luxe cabins in the Canadian woods, solitude-seeking vacationers can disappear without roughing it",4/12/22,1,0,1,0,0,0,
349,Some good ways you can carve out 'alone time',4/12/22,1,1,1,1,1,1,
350,Covid Patient In Shanghai Describes Life In Isolation: [Foreign Desk],4/16/22,0,1,1,0,0,0,
351,The cost of isolation and disappointment: FICTION: A probing look at the roots of inhumanity and how the past can poison our compassion.,5/15/22,1,1,1,0,0,0,
352,"Before Attack, Solitary Teen Caused Alarm: [National Desk]",5/16/22,1,1,1,0,0,0,
353,Musician sought solitude in desert,6/5/22,1,0,1,0,0,0,
354,"Awaiting trial, he was held in solitary for 16 months",6/16/22,0,1,1,0,0,0,
355,"MY COUNTRY; People of color discovering peace in the Inland Empire; As more relocate from big cities in search of a better life, they're welcomed by solitude and surprised by diversity",7/24/22,0,1,1,0,0,0,
356,Will California Restrict Solitary Confinement?,8/11/22,1,1,1,0,0,0,
357,CITY &amp; STATE; Lawmakers move to restrict use of solitary confinement; Newly passed bill aims to ban the punishment for vulnerable inmates and limit it for others.,8/31/22,0,1,1,0,0,0,
358,Feeling alone in grief over police violence,9/5/22,1,1,1,0,0,0,
359,"Migrants placed in solitary cells in retaliation, filing says",9/21/22,1,0,1,0,0,0,
360,An extrovert doesn't understand his partner's need for alone time,9/22/22,1,1,1,1,1,1,
361,Solitary confinement is torture; A bill on Gov. Newsom's desk would restrict the practice to no more than 15 consecutive days.,9/27/22,0,1,1,0,0,0,
362,Newsom vetoes bill on solitary confinement; The governor says the legislation went too far. His critics call the practice in state jails and prisons torture.,10/1/22,0,1,1,0,0,0,
363,"Stories of agony, isolation, ineptitude",10/16/22,1,1,1,0,0,0,
364,"Inmate Suicides Rose Sharply in U.S. Prisons, Jails During Pandemic; More inmates kill themselves amid pandemic isolation, increased use of drugs, staff shortages",10/18/22,1,1,1,1,1,1,
365,"Looking, in vain, to escape isolation and delusion: FICTION: Jonathan Dee's latest novel follows an acerbic narrator.",10/23/22,1,1,1,0,0,0,
366,James proves that GOATs need not obsess in isolation,10/23/22,1,1,1,0,0,0,
367,I've seen the toll it takes. End solitary confinement,10/24/22,0,1,1,0,0,0,
368,"Alcohol-Related Deaths Soared During the First Year of the Pandemic, CDC Study Says; Experts say isolation, financial stress and therapy disruptions may have contributed to jump in alcohol deaths",11/4/22,1,1,1,0,0,0,
369,ONE SHOT; Power in isolation,11/17/22,0,1,1,0,0,0,
370,Navalny Says He Is Now in Permanent Solitary Confinement: [Foreign Desk],11/18/22,1,1,1,0,0,0,
371,"Isolation and Catastrophe, Beautifully Voiced: [Review]",11/18/22,1,1,1,0,0,0,
372,"Path to far-right extremism; Man accused in Pelosi attack was spiraling in isolation, friends say",11/20/22,1,1,1,0,0,0,
373,We are spending scary amounts of time alone. Can we stop ourselves?,11/25/22,1,1,1,1,1,1,
374,"We heard from the nation's top doctor on loneliness, isolation and what to do if you catch COVID [Corrected 12/11/2022]",12/11/22,1,1,1,1,1,1,
375,End isolation for Cook County's youth [Corrected 12/11/2022],12/11/22,1,1,1,1,1,1,