Subj,Finished,punishPolice,punishMoney,blamePerson,dichot,moralPerson,moralAction,competence,youNotice,youFine,youPolice,Gender,Age,Ethnicity.race,PolFac_1,PolFac_2,PolFac_3,scenariosDO,sceneType
1,1,7,7,7,1,5,3,3,4,5,5,1,37,4,3,3,3,prAndSn,jaywalking
2,1,4,1,7,0,6,1,5,7,1,1,1,19,7,4,4,3,prAndSn,jaywalking
3,1,2,5,7,0,6,5,4,7,1,1,1,39,7,NA,2,3,prAlone,jaywalking
4,1,7,7,7,0,3,3,3,5,3,3,2,18,7,3,3,3,prAlone,jaywalking
5,1,6,6,6,1,6,6,4,6,6,6,2,35,7,3,3,2,prAlone,jaywalking
6,1,1,1,1,0,1,1,5,3,1,1,1,28,5,6,6,3,prAlone,jaywalking
7,1,4,4,5,1,3,3,4,4,2,2,1,20,4,4,4,4,prAlone,jaywalking
8,1,6,6,6,1,3,3,4,6,5,5,2,29,4,5,7,NA,prAlone,jaywalking
9,1,6,5,4,1,6,5,7,6,5,7,1,44,4,5,5,6,prAndSn,jaywalking
10,1,3,3,7,0,3,1,2,5,4,4,2,24,4,5,5,5,prAndSn,jaywalking
11,1,5,3,5,0,2,2,4,3,2,2,2,21,4,3,5,4,prAlone,jaywalking
12,1,1,4,3,0,6,1,4,5,5,1,2,33,8,4,7,6,prAndSn,jaywalking
13,1,7,7,7,1,4,4,4,1,1,1,2,34,4,6,NA,NA,prAndSn,jaywalking
14,1,6,6,7,1,3,4,5,5,3,2,1,32,4,4,4,4,prAndSn,jaywalking
15,1,3,3,6,1,3,2,4,4,3,2,1,19,8,6,6,6,prAndSn,jaywalking
16,1,3,3,2,0,3,1,4,4,1,1,1,24,7,5,6,5,prAndSn,jaywalking
17,1,4,5,6,0,6,2,2,2,2,3,2,31,4,3,5,3,prAndSn,jaywalking
18,1,7,7,7,1,1,1,4,4,5,3,2,35,4,5,5,5,prAlone,jaywalking
19,1,2,1,7,0,1,1,6,3,1,2,2,26,4,6,6,6,prAlone,jaywalking
20,1,3,2,4,0,1,1,5,3,2,2,2,65,4,2,2,1,prAlone,jaywalking
21,1,4,4,7,1,1,3,5,4,3,3,2,27,4,4,4,4,prAlone,jaywalking
22,1,4,4,4,1,3,5,5,4,4,4,2,75,4,5,5,6,prAlone,jaywalking
23,1,1,1,7,0,2,1,4,5,1,1,2,47,4,2,2,2,prAlone,jaywalking
24,1,2,4,6,0,7,2,5,3,1,1,2,45,4,7,7,6,prAndSn,jaywalking
25,0,1,1,1,0,1,1,7,1,1,1,2,41,4,7,7,5,prAlone,jaywalking
26,1,6,5,5,1,4,5,2,6,2,2,1,19,4,6,6,5,prAndSn,jaywalking
27,1,6,6,7,1,4,3,2,4,1,1,2,21,4,4,4,4,prAndSn,jaywalking
28,1,3,2,4,0,3,4,4,4,3,3,1,40,4,3,3,4,prAlone,jaywalking
29,1,4,4,4,1,1,1,1,4,4,4,2,31,4,4,4,5,prAndSn,jaywalking
30,1,3,3,3,0,2,2,3,3,2,2,2,25,4,1,1,3,prAndSn,jaywalking
31,1,2,2,5,1,6,1,4,5,2,2,1,29,4,6,5,4,prAndSn,jaywalking
32,1,6,3,7,1,3,2,2,3,1,1,1,25,6,2,3,2,prAndSn,jaywalking
33,1,4,4,6,0,6,2,1,5,2,2,2,26,4,6,6,6,prAndSn,jaywalking
34,1,7,7,6,0,3,5,5,7,2,3,2,35,4,4,7,2,prAndSn,jaywalking
35,1,5,5,7,1,3,3,3,2,2,2,2,40,4,2,2,2,prAndSn,jaywalking
36,1,6,6,7,0,4,1,4,7,5,2,2,22,4,4,6,4,prAndSn,jaywalking
37,1,2,2,6,0,6,1,2,1,1,1,2,30,4,4,5,3,prAndSn,jaywalking
38,1,5,6,6,1,3,3,5,5,5,5,2,34,4,5,5,5,prAndSn,jaywalking
39,1,5,5,7,0,6,3,2,2,3,2,1,29,4,5,5,5,prAndSn,jaywalking
40,1,1,1,1,0,6,1,1,1,1,1,2,19,4,7,7,6,prAndSn,jaywalking
41,1,4,4,5,1,3,2,3,6,4,4,1,23,7,6,6,6,prAndSn,jaywalking
42,1,6,6,6,1,4,4,2,6,6,6,1,50,4,2,2,2,prAlone,jaywalking
43,1,7,7,7,1,4,3,3,6,2,1,2,28,6,7,7,6,prAlone,jaywalking
44,1,2,2,3,0,4,4,4,2,2,2,2,28,4,7,6,6,prAndSn,jaywalking
45,1,3,2,7,0,6,1,4,1,1,1,2,29,8,3,3,3,prAndSn,jaywalking
46,1,1,1,1,0,7,6,7,4,5,5,2,31,8,1,7,3,prAndSn,jaywalking
47,1,1,1,7,0,4,1,4,3,1,1,2,33,4,7,7,5,prAlone,jaywalking
48,1,3,3,4,1,3,4,3,3,4,2,1,19,4,3,3,3,prAndSn,jaywalking
49,1,2,1,5,0,1,2,4,6,3,3,1,41,4,6,6,7,prAlone,jaywalking
50,1,6,6,6,1,5,1,3,7,6,6,1,22,4,5,5,5,prAlone,jaywalking
51,1,3,5,4,1,5,5,4,5,5,3,1,20,4,5,3,6,prAndSn,jaywalking
52,1,7,7,7,1,5,4,3,5,5,2,1,24,5,4,5,3,prAndSn,jaywalking
53,1,6,7,6,1,7,6,6,6,7,5,2,25,4,5,6,3,prAndSn,jaywalking
54,1,3,5,7,1,2,4,5,4,1,1,2,24,8,3,3,6,prAndSn,jaywalking
55,1,3,3,6,0,4,4,4,5,1,1,1,59,4,2,3,3,prAlone,jaywalking
56,1,7,7,7,1,6,7,2,7,1,1,2,33,7,6,2,6,prAndSn,jaywalking
57,1,2,2,2,0,2,2,3,7,1,1,1,25,5,4,4,4,prAlone,jaywalking
58,1,6,6,6,1,2,2,4,2,2,2,2,49,4,3,7,3,prAlone,jaywalking
59,1,1,2,4,0,2,1,5,2,2,2,2,30,5,7,7,7,prAlone,jaywalking
60,1,7,7,7,1,2,4,4,4,3,3,2,50,4,5,4,5,prAndSn,jaywalking
61,1,1,1,2,0,2,1,5,2,2,2,1,25,4,3,6,2,prAlone,jaywalking
62,1,2,3,6,0,5,4,4,6,2,1,2,28,4,5,6,3,prAndSn,jaywalking
63,1,3,2,7,1,1,1,7,4,2,3,2,39,5,6,7,6,prAlone,jaywalking
64,1,1,1,1,0,1,1,5,2,2,2,2,25,4,6,7,6,prAlone,jaywalking
65,1,6,7,7,1,4,5,4,6,2,4,2,39,4,6,7,6,prAlone,jaywalking
66,1,7,7,7,1,6,6,3,7,7,7,1,22,4,5,5,5,prAlone,jaywalking
67,1,6,5,6,1,2,4,2,6,6,5,1,24,4,2,5,3,prAndSn,jaywalking
68,1,3,3,5,0,5,4,4,5,1,1,2,39,8,6,6,6,prAndSn,jaywalking
69,1,4,3,5,0,4,5,3,7,3,4,1,27,4,6,6,7,prAlone,jaywalking
70,1,2,2,3,0,1,2,6,1,1,1,2,19,4,5,5,4,prAlone,jaywalking
71,1,2,1,1,1,1,1,4,1,1,1,1,45,4,7,7,7,prAlone,jaywalking
72,1,2,2,6,0,3,2,4,5,1,1,2,42,6,5,7,7,prAndSn,jaywalking
73,1,7,7,7,1,5,4,2,5,5,5,2,59,4,3,6,4,prAndSn,jaywalking
74,1,2,2,6,0,5,2,2,4,3,3,1,26,4,6,7,5,prAndSn,jaywalking
75,1,3,2,6,0,3,3,1,2,1,1,1,25,4,3,5,2,prAndSn,jaywalking
76,1,3,2,5,0,5,1,3,1,1,1,2,24,4,6,7,6,prAndSn,jaywalking
77,1,1,1,1,0,1,1,4,4,4,4,2,35,4,7,7,7,prAlone,jaywalking
78,1,3,4,7,1,3,3,4,6,1,1,2,18,4,4,3,5,prAlone,jaywalking
79,1,3,3,5,1,4,5,4,5,5,5,1,21,4,5,5,5,prAlone,jaywalking
80,1,2,1,1,0,1,1,5,3,5,3,2,30,4,7,7,6,prAlone,jaywalking
81,1,4,6,7,0,5,1,4,5,4,4,2,40,6,5,5,4,prAndSn,jaywalking
82,1,2,4,2,0,1,2,5,6,1,1,1,19,4,2,2,6,prAlone,jaywalking
83,1,2,4,5,0,4,3,4,4,1,1,2,21,7,7,7,7,prAlone,jaywalking
84,1,1,1,1,0,5,1,2,1,1,1,2,49,4,7,7,7,prAndSn,jaywalking
85,1,1,1,1,0,2,1,5,5,2,2,1,37,4,7,7,7,prAlone,jaywalking
86,1,1,2,5,0,2,2,4,1,1,1,2,34,5,6,7,5,prAlone,jaywalking
87,1,1,1,1,0,4,1,4,1,1,1,2,55,4,6,6,6,prAlone,jaywalking
88,1,1,1,1,0,5,1,1,5,2,2,2,33,4,4,4,3,prAndSn,jaywalking
89,1,4,3,4,0,4,4,4,6,6,6,2,25,4,7,7,7,prAlone,jaywalking
90,1,3,1,7,0,2,1,6,6,1,1,2,18,4,2,2,NA,prAlone,jaywalking
91,1,1,1,4,0,1,1,4,3,3,3,2,50,4,7,7,7,prAlone,jaywalking
92,1,3,3,5,1,3,4,5,5,3,2,1,21,4,4,4,4,prAlone,jaywalking
93,1,5,7,7,1,7,5,3,7,5,5,2,19,5,5,7,3,prAndSn,jaywalking
94,1,1,1,2,0,4,1,4,4,3,1,3,22,4,1,1,1,prAndSn,jaywalking
95,1,6,6,7,1,3,3,1,2,2,2,2,35,4,7,7,5,prAndSn,jaywalking
96,1,7,7,7,1,1,6,5,7,7,7,1,31,4,6,5,6,prAlone,jaywalking
97,1,1,5,5,0,1,1,6,4,4,4,2,52,4,6,6,6,prAlone,jaywalking
98,1,1,1,1,0,2,1,4,1,1,1,2,53,4,5,5,5,prAndSn,jaywalking
99,1,5,5,7,0,4,3,5,1,1,1,2,32,4,6,6,6,prAlone,jaywalking
100,1,3,4,7,0,2,3,4,3,3,2,2,47,4,2,2,3,prAndSn,jaywalking
101,1,2,4,5,0,5,5,6,5,6,6,1,35,6,4,5,4,prAndSn,jaywalking
102,1,2,4,5,1,3,2,4,5,2,2,1,23,5,6,6,6,prAndSn,jaywalking
103,1,2,3,5,1,2,2,4,6,1,1,2,53,4,6,6,5,prAndSn,jaywalking
104,1,5,3,4,0,4,3,3,4,4,3,1,24,4,6,2,6,prAlone,jaywalking
105,1,7,7,7,1,7,6,1,7,7,7,1,32,4,7,7,7,prAndSn,jaywalking
106,1,4,4,5,1,3,2,4,2,1,1,2,31,4,7,7,7,prAndSn,jaywalking
107,1,6,6,6,1,3,2,3,6,4,4,1,37,4,3,3,3,prAndSn,jaywalking
108,1,5,5,6,1,3,5,5,4,5,4,2,25,4,6,6,6,prAlone,jaywalking
109,1,6,6,7,1,5,5,2,5,3,3,2,42,4,6,6,6,prAndSn,jaywalking
110,1,6,6,7,1,5,1,2,7,1,1,1,49,4,3,6,2,prAndSn,jaywalking
111,1,7,7,7,1,5,2,3,3,4,3,2,53,4,6,6,6,prAndSn,jaywalking
112,1,2,4,7,1,6,6,2,7,2,4,2,37,6,4,4,5,prAndSn,jaywalking
113,1,7,7,7,1,2,6,3,6,6,6,2,21,4,4,4,2,prAlone,jaywalking
114,1,4,5,6,1,6,6,2,6,5,4,1,18,4,4,4,4,prAndSn,jaywalking
115,1,7,7,7,1,4,2,4,6,6,6,2,23,4,2,2,2,prAlone,jaywalking
116,1,4,4,5,1,4,5,3,3,2,6,1,35,4,3,5,2,prAndSn,jaywalking
117,1,2,2,2,0,2,2,4,1,1,1,2,29,4,6,6,6,prAndSn,jaywalking
118,1,2,3,4,0,4,2,4,6,6,6,2,58,5,6,7,6,prAndSn,jaywalking
119,1,1,1,7,0,5,5,5,1,1,1,1,24,4,7,7,7,prAndSn,jaywalking
120,1,1,1,4,0,1,1,4,2,2,2,2,34,4,7,7,5,prAlone,jaywalking
121,1,1,1,2,0,4,4,3,2,1,1,1,20,4,3,4,4,prAlone,jaywalking
122,1,7,7,7,1,3,3,3,7,7,7,2,55,4,6,7,5,prAlone,jaywalking
123,1,7,7,7,1,5,4,2,4,4,4,2,21,5,7,7,7,prAndSn,jaywalking
124,1,1,1,1,0,3,1,5,7,1,1,3,22,8,7,7,7,prAndSn,jaywalking
125,1,1,1,6,0,1,1,7,1,1,1,2,22,8,4,5,2,prAlone,jaywalking
126,1,2,1,4,0,4,1,3,3,1,1,2,46,4,6,6,4,prAndSn,jaywalking
127,1,6,5,7,1,4,4,3,5,1,1,2,44,7,4,4,4,prAlone,jaywalking
128,1,7,7,7,1,7,7,1,7,7,7,2,39,4,5,4,5,prAndSn,jaywalking
129,1,2,2,7,1,1,1,4,4,1,1,1,44,4,6,6,6,prAndSn,jaywalking
130,1,1,1,3,0,1,1,7,1,1,1,2,36,4,6,7,6,prAlone,jaywalking
131,1,7,7,7,1,4,5,4,7,6,5,1,51,4,7,7,6,prAlone,jaywalking
132,1,1,1,3,1,1,1,4,2,1,1,1,31,4,1,1,1,prAlone,jaywalking
133,1,3,2,5,1,5,3,2,5,1,1,2,34,4,7,7,5,prAndSn,jaywalking
134,1,4,2,5,1,2,2,5,3,3,3,2,54,4,2,3,3,prAlone,jaywalking
135,1,4,5,5,0,4,2,4,6,1,1,2,38,4,5,5,6,prAlone,jaywalking
136,1,5,5,5,1,4,4,4,4,4,4,1,53,4,2,2,2,prAndSn,jaywalking
137,1,1,1,1,0,1,1,6,6,2,1,2,26,4,7,7,7,prAlone,jaywalking
138,1,2,5,7,0,1,1,6,2,1,1,1,44,6,3,3,5,prAlone,jaywalking
139,1,5,5,4,1,3,3,4,4,3,4,2,37,4,6,6,7,prAlone,jaywalking
140,1,5,7,7,1,7,5,1,6,1,1,1,18,4,5,6,2,prAndSn,jaywalking
141,1,1,1,7,0,4,1,4,1,1,1,2,30,4,6,7,5,prAndSn,jaywalking
142,1,4,4,6,1,4,2,1,4,4,4,1,32,4,6,6,6,prAndSn,jaywalking
143,1,4,6,7,1,5,2,2,4,2,2,2,26,4,7,7,7,prAndSn,jaywalking
144,1,2,3,2,0,4,4,4,3,4,3,1,24,5,4,4,4,prAndSn,jaywalking
145,1,5,5,5,1,6,6,3,7,1,1,2,21,4,5,5,3,prAndSn,jaywalking
146,1,3,2,4,0,5,2,3,4,2,2,2,38,4,7,7,7,prAndSn,jaywalking
147,1,3,3,3,1,3,2,4,4,5,4,2,48,4,6,6,6,prAlone,jaywalking
148,1,5,7,7,1,5,1,3,6,2,1,1,29,4,3,3,5,prAndSn,jaywalking
149,1,5,5,6,1,4,4,2,5,2,2,2,30,7,5,6,5,prAndSn,jaywalking
150,1,7,3,7,0,4,1,3,1,1,1,1,19,4,5,5,5,prAndSn,jaywalking
151,1,5,6,7,1,2,2,4,6,5,5,2,30,4,7,7,6,prAndSn,jaywalking
152,1,4,2,5,1,1,1,5,4,1,1,2,31,7,6,6,6,prAlone,jaywalking
153,1,2,2,2,0,6,2,3,1,1,1,2,25,4,7,7,6,prAndSn,jaywalking
154,1,6,6,7,0,1,1,7,7,2,1,2,49,4,4,4,4,prAlone,jaywalking
155,1,7,7,7,0,4,4,5,4,1,1,2,30,4,3,3,3,prAlone,jaywalking
156,1,1,1,1,0,1,1,7,2,1,1,2,28,4,6,7,4,prAlone,jaywalking
157,1,3,5,5,1,4,4,4,5,2,2,2,21,4,5,5,5,prAlone,jaywalking
158,1,5,6,5,1,5,4,5,5,4,5,1,22,4,4,4,4,prAlone,jaywalking
159,1,3,2,2,1,6,6,4,7,2,3,1,22,5,2,2,3,prAlone,jaywalking
160,1,1,1,1,0,1,1,7,1,1,1,2,26,4,7,7,7,prAndSn,jaywalking
161,1,1,1,7,0,1,1,7,1,1,1,2,40,4,6,6,3,prAlone,jaywalking
162,1,4,4,5,1,4,2,3,6,3,3,1,26,5,3,4,3,prAndSn,jaywalking
163,1,1,1,1,0,2,1,6,1,1,1,2,32,4,7,7,6,prAlone,jaywalking
164,1,2,1,1,0,4,4,4,2,2,2,2,33,4,5,6,5,prAlone,jaywalking
165,1,1,1,1,0,4,1,4,1,1,1,2,33,4,6,7,5,prAlone,jaywalking
166,1,4,6,6,1,3,6,3,5,6,6,1,24,5,3,3,3,prAlone,jaywalking
167,1,6,6,7,1,5,5,4,7,1,1,2,31,4,6,5,5,prAndSn,jaywalking
168,1,5,5,7,0,3,2,3,1,2,1,1,28,8,4,4,5,prAlone,jaywalking
169,1,3,3,4,1,3,4,4,3,5,4,1,22,4,4,4,4,prAndSn,jaywalking
170,1,6,7,7,0,6,4,1,6,1,1,1,59,4,2,2,1,prAndSn,jaywalking
171,1,1,1,1,0,6,1,3,5,5,5,3,22,8,7,7,7,prAndSn,jaywalking
172,1,5,5,7,0,4,3,4,2,2,1,2,30,4,7,6,6,prAlone,jaywalking
173,1,5,4,4,0,4,4,5,5,3,5,1,22,4,4,4,4,prAlone,jaywalking
174,1,4,4,7,1,2,1,4,7,1,3,2,50,4,7,7,5,prAndSn,jaywalking
175,1,3,3,3,0,1,3,7,3,3,3,2,58,5,5,5,5,prAlone,jaywalking
176,1,2,2,7,1,1,1,7,3,2,2,1,40,4,6,6,3,prAndSn,jaywalking
177,1,6,7,7,1,6,6,2,2,2,2,1,33,4,5,5,5,prAndSn,jaywalking
178,1,1,1,5,0,4,5,7,7,7,7,2,30,6,6,6,6,prAndSn,jaywalking
179,1,5,5,5,1,5,5,2,3,3,3,1,34,4,7,7,7,prAndSn,jaywalking
180,1,5,5,4,0,6,5,5,6,6,5,1,NA,4,6,6,6,prAlone,jaywalking
181,1,3,2,3,1,7,2,2,1,1,2,1,19,7,5,5,5,prAndSn,jaywalking
182,1,6,6,6,1,3,4,2,5,5,6,1,25,4,5,5,3,prAlone,jaywalking
183,1,3,2,6,1,3,2,3,4,2,2,1,58,4,7,7,7,prAndSn,jaywalking
184,1,7,7,7,1,5,5,2,6,6,6,2,37,4,6,6,6,prAndSn,jaywalking
185,1,5,4,6,0,4,2,4,6,4,4,2,NA,4,4,4,5,prAndSn,jaywalking
186,1,7,7,7,1,5,6,6,6,7,7,1,29,4,6,5,3,prAndSn,jaywalking
187,1,3,4,7,0,6,1,4,3,1,1,2,28,4,5,4,4,prAndSn,jaywalking
188,1,1,1,5,0,3,1,2,6,1,1,2,25,4,6,7,6,prAndSn,jaywalking
189,1,2,1,2,0,3,1,5,3,5,5,1,30,4,6,6,5,prAlone,jaywalking
190,1,1,1,2,0,1,1,4,2,1,1,1,39,4,7,7,7,prAndSn,jaywalking
191,1,3,1,2,1,2,2,5,3,1,1,1,34,7,6,6,NA,prAlone,jaywalking
192,1,4,4,7,1,4,1,4,4,4,4,2,39,4,4,4,4,prAndSn,jaywalking
193,1,6,1,7,1,4,2,2,7,6,7,1,27,4,6,6,6,prAlone,jaywalking
194,1,6,6,7,0,6,1,3,5,1,1,1,60,4,7,7,7,prAlone,jaywalking
195,1,5,6,5,1,5,5,2,2,5,2,1,31,5,5,5,3,prAndSn,jaywalking
196,1,2,5,7,1,3,2,5,5,3,3,2,56,4,3,5,1,prAlone,jaywalking
197,1,5,5,7,1,2,2,4,6,4,3,1,42,4,5,5,6,prAlone,jaywalking
198,1,3,3,4,0,1,1,3,6,2,2,1,30,8,5,3,6,prAlone,jaywalking
199,1,1,1,3,0,2,2,4,3,1,1,3,24,4,7,7,7,prAlone,jaywalking
200,1,1,1,1,0,1,1,4,2,2,2,1,36,4,7,7,7,prAlone,jaywalking
201,1,2,2,2,0,1,1,6,1,1,1,2,46,4,6,6,5,prAlone,jaywalking
202,1,1,1,1,0,1,1,4,2,1,1,1,36,4,4,5,4,prAlone,jaywalking
203,1,5,6,6,1,5,5,3,3,1,1,2,34,4,5,6,5,prAndSn,jaywalking
204,1,4,5,5,0,2,2,3,5,5,4,1,29,4,2,2,2,prAndSn,jaywalking
205,0,NA,NA,NA,0,NA,NA,NA,NA,NA,NA,NA,NA,NA,NA,NA,NA,prAlone,jaywalking
206,0,NA,NA,NA,0,NA,NA,NA,NA,NA,NA,NA,NA,NA,NA,NA,NA,prAlone,jaywalking
207,0,2,1,4,0,2,1,4,7,1,1,NA,NA,NA,NA,NA,NA,prAndSn,jaywalking
1,1,5,3,7,0,4,2,4,2,2,2,1,37,4,3,3,3,prAndSn,music
2,1,1,6,6,1,2,5,5,2,1,1,1,19,7,4,4,3,prAlone,music
3,1,4,7,7,1,6,6,4,1,1,1,1,39,7,NA,2,3,prAndSn,music
4,1,6,6,6,1,5,5,2,5,5,5,2,18,7,3,3,3,prAlone,music
5,1,7,7,7,1,6,7,6,7,7,7,2,35,7,3,3,2,prAlone,music
6,1,2,2,4,0,4,4,1,1,1,1,1,28,5,6,6,3,prAndSn,music
7,1,5,5,4,1,5,4,4,2,2,2,1,20,4,4,4,4,prAndSn,music
8,1,6,6,6,1,5,5,4,3,3,3,2,29,4,5,7,NA,prAndSn,music
9,1,7,6,5,1,6,5,7,5,6,7,1,44,4,5,5,6,prAlone,music
10,1,2,2,6,0,1,1,5,3,4,5,2,24,4,5,5,5,prAlone,music
11,1,4,5,5,0,2,3,5,2,3,2,2,21,4,3,5,4,prAlone,music
12,1,7,7,5,1,3,4,4,4,6,3,2,33,8,4,7,6,prAndSn,music
13,1,6,6,6,1,4,4,4,1,1,1,2,34,4,6,NA,NA,prAndSn,music
14,1,4,4,7,0,2,4,6,2,2,1,1,32,4,4,4,4,prAlone,music
15,1,2,3,5,0,3,3,6,2,2,3,1,19,8,6,6,6,prAlone,music
16,1,2,3,4,0,1,2,5,1,3,1,1,24,7,5,6,5,prAlone,music
17,1,6,5,6,0,4,4,6,2,2,1,2,31,4,3,5,3,prAlone,music
18,1,4,5,5,0,4,3,6,3,2,2,2,35,4,5,5,5,prAlone,music
19,1,5,5,7,1,5,5,5,2,2,3,2,26,4,6,6,6,prAlone,music
20,1,3,3,5,1,3,3,6,3,3,3,2,65,4,2,2,1,prAndSn,music
21,1,4,2,1,0,1,3,4,1,2,2,2,27,4,4,4,4,prAlone,music
22,1,3,3,4,0,3,4,4,3,4,4,2,75,4,5,5,6,prAlone,music
23,1,6,6,7,1,4,6,4,6,4,4,2,47,4,2,2,2,prAndSn,music
24,1,5,6,6,1,6,6,5,1,2,1,2,45,4,7,7,6,prAndSn,music
25,0,1,1,1,0,1,1,7,1,1,1,2,41,4,7,7,5,prAlone,music
26,1,6,3,2,0,1,2,6,1,1,1,1,19,4,6,6,5,prAndSn,music
27,1,5,5,3,0,2,2,7,1,1,1,2,21,4,4,4,4,prAlone,music
28,1,4,2,4,0,4,5,4,4,4,3,1,40,4,3,3,4,prAlone,music
29,1,1,1,1,0,1,1,1,1,1,1,2,31,4,4,4,5,prAlone,music
30,1,2,2,5,0,3,2,4,4,3,3,2,25,4,1,1,3,prAlone,music
31,1,3,2,5,0,4,5,4,3,4,3,1,29,4,6,5,4,prAlone,music
32,1,7,7,7,1,3,5,5,2,2,2,1,25,6,2,3,2,prAlone,music
33,1,5,4,4,1,2,2,6,3,4,4,2,26,4,6,6,6,prAlone,music
34,1,3,3,3,0,2,1,5,1,3,2,2,35,4,4,7,2,prAndSn,music
35,1,5,5,5,1,3,4,5,1,1,1,2,40,4,2,2,2,prAlone,music
36,1,3,2,2,0,2,3,4,2,3,3,2,22,4,4,6,4,prAndSn,music
37,1,3,4,7,1,3,3,4,1,1,2,2,30,4,4,5,3,prAndSn,music
38,1,6,6,7,1,5,4,6,4,5,4,2,34,4,5,5,5,prAndSn,music
39,1,5,5,6,0,3,5,2,3,4,4,1,29,4,5,5,5,prAndSn,music
40,1,2,2,2,0,6,3,3,1,1,1,2,19,4,7,7,6,prAndSn,music
41,1,3,3,4,0,2,2,6,1,2,2,1,23,7,6,6,6,prAlone,music
42,1,5,4,5,0,2,3,7,4,4,4,1,50,4,2,2,2,prAlone,music
43,1,5,6,2,0,2,1,7,1,1,1,2,28,6,7,7,6,prAlone,music
44,1,3,3,4,0,4,3,5,2,2,2,2,28,4,7,6,6,prAlone,music
45,1,5,6,7,0,3,5,5,1,2,2,2,29,8,3,3,3,prAlone,music
46,1,7,7,7,1,4,4,7,1,1,2,2,31,8,1,7,3,prAndSn,music
47,1,4,7,7,1,3,4,7,2,4,4,2,33,4,7,7,5,prAlone,music
48,1,3,5,3,1,3,4,4,3,4,4,1,19,4,3,3,3,prAlone,music
49,1,2,3,2,0,1,2,3,7,7,7,1,41,4,6,6,7,prAndSn,music
50,1,5,5,5,1,3,3,5,4,4,4,1,22,4,5,5,5,prAndSn,music
51,1,3,4,5,1,4,5,3,5,5,4,1,20,4,5,3,6,prAlone,music
52,1,6,6,7,1,5,5,2,1,1,1,1,24,5,4,5,3,prAndSn,music
53,1,2,4,5,1,5,5,2,4,6,5,2,25,4,5,6,3,prAlone,music
54,1,3,5,7,1,3,5,5,4,6,5,2,24,8,3,3,6,prAndSn,music
55,1,1,6,5,0,4,4,6,1,1,1,1,59,4,2,3,3,prAlone,music
56,1,7,7,7,1,5,5,5,1,2,1,2,33,7,6,2,6,prAndSn,music
57,1,1,1,1,0,1,1,6,1,1,1,1,25,5,4,4,4,prAndSn,music
58,1,5,6,3,1,5,5,6,2,3,3,2,49,4,3,7,3,prAndSn,music
59,1,2,2,3,0,1,1,3,1,1,1,2,30,5,7,7,7,prAndSn,music
60,1,7,7,4,1,4,5,6,2,2,2,2,50,4,5,4,5,prAlone,music
61,1,1,1,2,0,1,1,5,1,1,1,1,25,4,3,6,2,prAlone,music
62,1,1,2,2,0,1,2,6,1,2,1,2,28,4,5,6,3,prAlone,music
63,1,3,2,6,0,2,2,7,3,2,2,2,39,5,6,7,6,prAndSn,music
64,1,1,1,2,0,2,2,6,2,2,2,2,25,4,6,7,6,prAlone,music
65,1,4,5,6,1,3,3,5,4,4,3,2,39,4,6,7,6,prAndSn,music
66,1,6,6,6,1,6,6,3,7,7,7,1,22,4,5,5,5,prAlone,music
67,1,1,1,1,0,5,3,5,1,1,1,1,24,4,2,5,3,prAndSn,music
68,1,3,3,3,0,4,3,5,4,1,1,2,39,8,6,6,6,prAlone,music
69,1,1,1,1,0,1,1,5,1,1,1,1,27,4,6,6,7,prAlone,music
70,1,5,6,5,1,3,4,3,2,3,2,2,19,4,5,5,4,prAndSn,music
71,1,1,1,1,0,1,1,4,1,2,2,1,45,4,7,7,7,prAndSn,music
72,1,2,2,7,0,2,3,4,1,1,1,2,42,6,5,7,7,prAlone,music
73,1,7,7,7,1,4,6,4,5,7,6,2,59,4,3,6,4,prAndSn,music
74,1,3,2,5,0,2,2,5,2,3,2,1,26,4,6,7,5,prAlone,music
75,1,2,5,7,1,6,4,1,1,1,2,1,25,4,3,5,2,prAndSn,music
76,1,3,3,5,1,5,4,7,2,1,1,2,24,4,6,7,6,prAndSn,music
77,1,5,5,5,1,5,5,5,1,3,3,2,35,4,7,7,7,prAndSn,music
78,1,4,4,6,0,5,5,6,3,4,4,2,18,4,4,3,5,prAlone,music
79,1,5,4,3,1,4,5,5,5,5,5,1,21,4,5,5,5,prAndSn,music
80,1,5,2,2,0,2,2,2,1,1,1,2,30,4,7,7,6,prAndSn,music
81,1,3,3,7,0,5,5,5,2,2,2,2,40,6,5,5,4,prAndSn,music
82,1,1,4,1,0,1,2,6,6,1,1,1,19,4,2,2,6,prAlone,music
83,1,5,6,5,0,2,2,5,2,1,1,2,21,7,7,7,7,prAndSn,music
84,1,2,2,2,0,4,3,3,1,1,1,2,49,4,7,7,7,prAndSn,music
85,1,1,1,1,0,2,1,5,4,1,1,1,37,4,7,7,7,prAlone,music
86,1,1,1,3,0,2,2,4,1,1,1,2,34,5,6,7,5,prAndSn,music
87,1,1,1,1,0,1,1,4,1,1,1,2,55,4,6,6,6,prAlone,music
88,1,3,3,3,0,1,2,5,4,5,3,2,33,4,4,4,3,prAlone,music
89,1,4,4,4,0,4,4,5,6,5,6,2,25,4,7,7,7,prAndSn,music
90,1,7,4,7,1,3,2,5,1,1,1,2,18,4,2,2,NA,prAndSn,music
91,1,2,1,4,0,4,1,4,2,2,2,2,50,4,7,7,7,prAndSn,music
92,1,2,2,2,0,2,5,6,1,1,1,1,21,4,4,4,4,prAndSn,music
93,1,6,7,6,1,4,5,4,4,3,3,2,19,5,5,7,3,prAndSn,music
94,1,1,1,1,0,1,1,5,1,1,1,3,22,4,1,1,1,prAlone,music
95,1,3,4,7,1,2,2,4,1,2,2,2,35,4,7,7,5,prAndSn,music
96,1,3,4,7,0,5,3,6,5,5,2,1,31,4,6,5,6,prAndSn,music
97,1,1,7,7,1,6,6,5,5,5,5,2,52,4,6,6,6,prAndSn,music
98,1,5,5,5,1,5,5,6,1,1,1,2,53,4,5,5,5,prAndSn,music
99,1,5,5,6,0,3,3,7,1,1,1,2,32,4,6,6,6,prAlone,music
100,1,5,5,7,1,3,4,4,1,2,2,2,47,4,2,2,3,prAlone,music
101,1,4,3,3,0,5,4,6,6,5,6,1,35,6,4,5,4,prAndSn,music
102,1,2,3,5,0,2,3,4,2,2,2,1,23,5,6,6,6,prAlone,music
103,1,5,7,6,1,5,5,5,2,2,1,2,53,4,6,6,5,prAndSn,music
104,1,1,4,4,0,3,6,5,4,5,5,1,24,4,6,2,6,prAndSn,music
105,1,4,6,7,0,6,6,3,6,6,3,1,32,4,7,7,7,prAndSn,music
106,1,4,4,4,0,2,2,5,1,2,2,2,31,4,7,7,7,prAndSn,music
107,1,4,4,6,1,3,3,5,3,1,1,1,37,4,3,3,3,prAndSn,music
108,1,4,6,7,1,3,5,3,1,2,1,2,25,4,6,6,6,prAndSn,music
109,1,7,7,7,1,5,5,6,2,2,2,2,42,4,6,6,6,prAlone,music
110,1,1,1,1,0,2,2,5,1,1,1,1,49,4,3,6,2,prAlone,music
111,1,3,5,7,1,3,3,5,2,4,4,2,53,4,6,6,6,prAlone,music
112,1,3,3,3,0,4,5,4,1,2,2,2,37,6,4,4,5,prAndSn,music
113,1,3,2,4,1,5,3,2,1,1,1,2,21,4,4,4,2,prAndSn,music
114,1,1,1,3,0,2,2,5,1,1,1,1,18,4,4,4,4,prAndSn,music
115,1,7,7,7,1,5,2,4,4,6,5,2,23,4,2,2,2,prAndSn,music
116,1,2,3,4,1,4,4,4,3,4,5,1,35,4,3,5,2,prAndSn,music
117,1,7,7,7,1,6,6,4,1,1,1,2,29,4,6,6,6,prAlone,music
118,1,2,2,5,0,5,5,4,5,4,4,2,58,5,6,7,6,prAlone,music
119,1,1,1,3,1,1,1,5,1,1,1,1,24,4,7,7,7,prAndSn,music
120,1,2,2,2,0,2,2,5,4,4,3,2,34,4,7,7,5,prAlone,music
121,1,4,2,3,0,2,3,2,1,2,1,1,20,4,3,4,4,prAlone,music
122,1,4,1,1,1,2,2,6,1,1,1,2,55,4,6,7,5,prAlone,music
123,1,4,3,3,0,1,1,4,1,1,1,2,21,5,7,7,7,prAndSn,music
124,1,2,2,3,0,1,1,6,1,1,1,3,22,8,7,7,7,prAndSn,music
125,1,4,5,5,0,1,1,7,1,1,1,2,22,8,4,5,2,prAlone,music
126,1,6,5,7,1,4,3,5,2,1,1,2,46,4,6,6,4,prAndSn,music
127,1,5,6,7,1,5,5,4,2,2,2,2,44,7,4,4,4,prAlone,music
128,1,3,6,7,1,3,5,3,7,7,7,2,39,4,5,4,5,prAndSn,music
129,1,2,5,7,1,2,5,4,1,1,1,1,44,4,6,6,6,prAndSn,music
130,1,3,3,7,0,4,1,7,1,1,1,2,36,4,6,7,6,prAndSn,music
131,1,1,5,6,1,5,6,5,1,2,2,1,51,4,7,7,6,prAndSn,music
132,1,2,3,2,0,1,1,7,2,4,2,1,31,4,1,1,1,prAndSn,music
133,1,2,2,3,0,2,5,5,2,2,3,2,34,4,7,7,5,prAlone,music
134,1,4,4,4,1,2,3,4,2,2,2,2,54,4,2,3,3,prAndSn,music
135,1,7,7,7,1,4,6,6,2,2,6,2,38,4,5,5,6,prAlone,music
136,1,7,7,7,1,6,6,4,3,2,2,1,53,4,2,2,2,prAndSn,music
137,1,2,3,4,0,2,3,6,2,4,4,2,26,4,7,7,7,prAlone,music
138,1,2,6,7,0,3,5,6,3,5,1,1,44,6,3,3,5,prAndSn,music
139,1,3,2,4,0,6,2,5,2,2,2,2,37,4,6,6,7,prAndSn,music
140,1,2,1,2,0,3,3,7,1,1,1,1,18,4,5,6,2,prAlone,music
141,1,5,5,7,1,4,4,5,2,2,2,2,30,4,6,7,5,prAndSn,music
142,1,3,3,5,1,2,4,1,4,4,2,1,32,4,6,6,6,prAndSn,music
143,1,4,4,6,0,3,2,7,1,2,1,2,26,4,7,7,7,prAlone,music
144,1,1,1,1,0,4,4,4,4,4,4,1,24,5,4,4,4,prAndSn,music
145,1,7,7,4,0,1,1,7,1,1,1,2,21,4,5,5,3,prAlone,music
146,1,5,4,5,0,5,5,4,2,2,2,2,38,4,7,7,7,prAlone,music
147,1,3,3,3,0,4,4,3,3,3,3,2,48,4,6,6,6,prAndSn,music
148,1,2,1,1,0,1,1,6,1,1,1,1,29,4,3,3,5,prAndSn,music
149,1,2,5,2,0,4,4,4,1,5,2,2,30,7,5,6,5,prAndSn,music
150,1,7,7,3,0,4,3,3,1,1,1,1,19,4,5,5,5,prAndSn,music
151,1,6,5,6,1,5,5,2,5,5,5,2,30,4,7,7,6,prAndSn,music
152,1,5,6,7,1,5,4,2,4,1,1,2,31,7,6,6,6,prAndSn,music
153,1,2,2,2,0,2,2,5,1,1,1,2,25,4,7,7,6,prAlone,music
154,1,7,7,7,1,4,3,7,5,7,6,2,49,4,4,4,4,prAlone,music
155,1,7,7,7,1,5,6,5,7,5,3,2,30,4,3,3,3,prAndSn,music
156,1,2,2,2,0,6,2,1,4,4,2,2,28,4,6,7,4,prAndSn,music
157,1,2,2,5,0,2,2,5,1,2,2,2,21,4,5,5,5,prAlone,music
158,1,3,4,3,0,5,3,4,3,2,3,1,22,4,4,4,4,prAndSn,music
159,1,2,6,2,0,4,4,4,1,1,1,1,22,5,2,2,3,prAlone,music
160,1,3,3,3,0,4,4,5,2,2,2,2,26,4,7,7,7,prAlone,music
161,1,2,5,7,0,6,3,7,1,1,1,2,40,4,6,6,3,prAndSn,music
162,1,3,5,3,0,3,3,5,4,2,2,1,26,5,3,4,3,prAndSn,music
163,1,5,5,5,1,6,6,2,3,3,5,2,32,4,7,7,6,prAndSn,music
164,1,4,4,4,0,4,3,5,2,2,2,2,33,4,5,6,5,prAlone,music
165,1,7,7,7,1,4,7,7,1,1,1,2,33,4,6,7,5,prAndSn,music
166,1,4,5,4,0,4,4,4,4,4,4,1,24,5,3,3,3,prAndSn,music
167,1,6,5,5,1,5,5,6,5,5,5,2,31,4,6,5,5,prAlone,music
168,1,5,5,7,1,4,2,6,1,3,1,1,28,8,4,4,5,prAlone,music
169,1,4,3,4,1,3,5,4,4,5,4,1,22,4,4,4,4,prAndSn,music
170,1,1,2,7,0,1,1,5,1,1,1,1,59,4,2,2,1,prAlone,music
171,1,1,1,1,0,1,1,5,2,2,2,3,22,8,7,7,7,prAndSn,music
172,1,7,7,7,1,4,5,5,2,5,5,2,30,4,7,6,6,prAlone,music
173,1,3,4,4,0,3,5,4,3,5,5,1,22,4,4,4,4,prAlone,music
174,1,4,2,5,1,2,5,4,3,1,1,2,50,4,7,7,5,prAndSn,music
175,1,1,1,1,0,1,3,7,1,1,1,2,58,5,5,5,5,prAlone,music
176,1,1,1,1,0,2,1,7,1,3,1,1,40,4,6,6,3,prAlone,music
177,1,2,5,3,0,2,2,6,1,1,1,1,33,4,5,5,5,prAlone,music
178,1,1,1,4,0,1,1,7,1,1,1,2,30,6,6,6,6,prAlone,music
179,1,5,5,5,1,6,4,3,3,3,3,1,34,4,7,7,7,prAndSn,music
180,1,6,5,6,1,5,6,6,5,5,6,1,NA,4,6,6,6,prAlone,music
181,1,7,7,1,1,2,1,5,2,5,4,1,19,7,5,5,5,prAlone,music
182,1,6,6,7,0,4,3,5,1,1,1,1,25,4,5,5,3,prAlone,music
183,1,1,2,4,0,2,2,5,1,2,2,1,58,4,7,7,7,prAlone,music
184,1,4,4,4,0,4,4,6,4,4,4,2,37,4,6,6,6,prAndSn,music
185,1,5,5,5,0,4,5,5,4,3,3,2,NA,4,4,4,5,prAndSn,music
186,1,7,7,7,1,7,6,6,7,6,6,1,29,4,6,5,3,prAlone,music
187,1,2,1,5,0,2,1,5,1,1,1,2,28,4,5,4,4,prAndSn,music
188,1,2,3,5,0,4,2,6,1,1,1,2,25,4,6,7,6,prAndSn,music
189,1,1,1,7,0,1,1,4,3,2,4,1,30,4,6,6,5,prAndSn,music
190,1,3,3,5,0,4,3,5,2,3,3,1,39,4,7,7,7,prAlone,music
191,1,1,1,1,0,2,1,2,1,1,1,1,34,7,6,6,NA,prAndSn,music
192,1,1,1,7,0,2,1,4,1,1,1,2,39,4,4,4,4,prAndSn,music
193,1,2,6,2,0,2,1,7,2,1,1,1,27,4,6,6,6,prAlone,music
194,1,2,2,7,0,2,2,6,1,1,1,1,60,4,7,7,7,prAndSn,music
195,1,7,7,1,0,1,1,5,1,1,1,1,31,5,5,5,3,prAndSn,music
196,1,1,7,7,0,5,5,3,2,1,1,2,56,4,3,5,1,prAndSn,music
197,1,6,7,4,1,3,3,6,2,2,2,1,42,4,5,5,6,prAlone,music
198,1,5,6,5,0,5,3,5,1,2,1,1,30,8,5,3,6,prAndSn,music
199,1,2,1,3,0,6,2,5,1,1,1,3,24,4,7,7,7,prAndSn,music
200,1,1,1,4,0,1,1,4,1,1,1,1,36,4,7,7,7,prAndSn,music
201,1,2,2,6,0,2,2,6,2,2,2,2,46,4,6,6,5,prAlone,music
202,1,2,2,1,0,1,1,4,1,1,1,1,36,4,4,5,4,prAlone,music
203,1,2,2,6,0,2,2,4,1,1,1,2,34,4,5,6,5,prAndSn,music
204,1,3,4,4,0,3,4,5,5,4,4,1,29,4,2,2,2,prAndSn,music
205,0,NA,NA,NA,0,NA,NA,NA,NA,NA,NA,NA,NA,NA,NA,NA,NA,prAlone,music
206,0,NA,NA,NA,0,NA,NA,NA,NA,NA,NA,NA,NA,NA,NA,NA,NA,prAlone,music
207,0,7,7,7,0,4,5,5,7,4,4,NA,NA,NA,NA,NA,NA,prAndSn,music
1,1,7,7,7,1,5,2,2,6,6,6,1,37,4,3,3,3,prAndSn,marijuana
2,1,6,6,7,0,1,1,5,3,2,2,1,19,7,4,4,3,prAndSn,marijuana
3,1,4,7,7,1,4,4,4,7,2,2,1,39,7,NA,2,3,prAlone,marijuana
4,1,3,3,3,1,3,3,5,5,5,5,2,18,7,3,3,3,prAndSn,marijuana
5,1,6,6,6,1,6,6,2,6,6,6,2,35,7,3,3,2,prAndSn,marijuana
6,1,7,7,7,1,7,7,1,7,7,7,1,28,5,6,6,3,prAndSn,marijuana
7,1,2,2,5,0,2,1,4,5,3,3,1,20,4,4,4,4,prAlone,marijuana
8,1,2,3,4,0,4,4,3,1,2,1,2,29,4,5,7,NA,prAndSn,marijuana
9,1,6,5,6,1,7,6,6,6,5,7,1,44,4,5,5,6,prAndSn,marijuana
10,1,4,4,7,1,2,2,4,7,7,6,2,24,4,5,5,5,prAlone,marijuana
11,1,7,6,7,1,5,5,4,7,5,5,2,21,4,3,5,4,prAndSn,marijuana
12,1,3,5,2,0,4,1,4,4,5,1,2,33,8,4,7,6,prAlone,marijuana
13,1,7,7,7,1,4,4,4,7,7,7,2,34,4,6,NA,NA,prAndSn,marijuana
14,1,5,5,7,1,4,4,3,7,1,1,1,32,4,4,4,4,prAndSn,marijuana
15,1,1,1,6,0,1,1,5,2,1,1,1,19,8,6,6,6,prAlone,marijuana
16,1,2,3,4,0,1,2,4,3,1,1,1,24,7,5,6,5,prAndSn,marijuana
17,1,6,6,7,1,4,5,3,7,6,6,2,31,4,3,5,3,prAlone,marijuana
18,1,5,5,5,1,2,1,2,6,2,2,2,35,4,5,5,5,prAlone,marijuana
19,1,5,6,7,1,5,2,1,7,6,5,2,26,4,6,6,6,prAndSn,marijuana
20,1,5,5,6,1,3,3,6,5,4,4,2,65,4,2,2,1,prAlone,marijuana
21,1,4,3,6,1,1,1,4,2,3,4,2,27,4,4,4,4,prAndSn,marijuana
22,1,4,3,3,0,5,2,3,4,4,4,2,75,4,5,5,6,prAlone,marijuana
23,1,4,6,7,1,4,4,2,5,3,3,2,47,4,2,2,2,prAndSn,marijuana
24,1,1,1,1,0,5,1,4,3,1,1,2,45,4,7,7,6,prAndSn,marijuana
25,0,1,1,1,0,3,1,4,2,1,1,2,41,4,7,7,5,prAndSn,marijuana
26,1,2,1,1,0,2,1,5,3,3,5,1,19,4,6,6,5,prAndSn,marijuana
27,1,7,7,7,1,4,4,2,7,6,6,2,21,4,4,4,4,prAndSn,marijuana
28,1,7,7,6,1,5,6,4,6,6,6,1,40,4,3,3,4,prAndSn,marijuana
29,1,1,1,1,0,1,1,1,4,1,1,2,31,4,4,4,5,prAlone,marijuana
30,1,1,1,2,0,4,1,4,5,2,2,2,25,4,1,1,3,prAlone,marijuana
31,1,2,5,5,1,4,2,4,4,2,3,1,29,4,6,5,4,prAlone,marijuana
32,1,3,1,1,0,5,3,2,2,1,1,1,25,6,2,3,2,prAndSn,marijuana
33,1,2,2,2,0,5,2,4,5,2,1,2,26,4,6,6,6,prAndSn,marijuana
34,1,2,2,1,0,2,1,5,4,6,6,2,35,4,4,7,2,prAlone,marijuana
35,1,3,3,3,0,3,3,2,2,3,3,2,40,4,2,2,2,prAndSn,marijuana
36,1,1,1,7,0,1,1,4,7,5,5,2,22,4,4,6,4,prAlone,marijuana
37,1,1,1,1,0,6,1,2,7,1,1,2,30,4,4,5,3,prAndSn,marijuana
38,1,4,4,4,0,1,1,6,4,5,5,2,34,4,5,5,5,prAlone,marijuana
39,1,2,2,6,0,3,1,4,4,5,4,1,29,4,5,5,5,prAlone,marijuana
40,1,1,1,1,0,5,2,1,1,1,1,2,19,4,7,7,6,prAndSn,marijuana
41,1,2,1,1,0,2,1,4,4,1,1,1,23,7,6,6,6,prAndSn,marijuana
42,1,3,2,2,0,6,1,3,4,4,4,1,50,4,2,2,2,prAndSn,marijuana
43,1,7,7,7,1,7,1,3,7,7,7,2,28,6,7,7,6,prAndSn,marijuana
44,1,3,3,4,0,4,2,4,2,2,2,2,28,4,7,6,6,prAndSn,marijuana
45,1,6,5,7,1,5,5,2,6,4,4,2,29,8,3,3,3,prAndSn,marijuana
46,1,1,1,3,1,4,4,4,7,7,7,2,31,8,1,7,3,prAlone,marijuana
47,1,4,4,7,0,7,7,1,4,2,2,2,33,4,7,7,5,prAndSn,marijuana
48,1,2,4,3,1,3,2,4,3,3,4,1,19,4,3,3,3,prAlone,marijuana
49,1,3,3,5,1,1,1,4,7,7,7,1,41,4,6,6,7,prAlone,marijuana
50,1,6,6,6,1,6,6,3,7,6,6,1,22,4,5,5,5,prAndSn,marijuana
51,1,3,2,3,1,5,2,3,1,1,1,1,20,4,5,3,6,prAndSn,marijuana
52,1,6,7,7,1,6,6,2,1,3,3,1,24,5,4,5,3,prAndSn,marijuana
53,1,7,5,7,1,5,6,3,6,7,6,2,25,4,5,6,3,prAndSn,marijuana
54,1,5,5,3,1,1,1,5,7,7,7,2,24,8,3,3,6,prAlone,marijuana
55,1,4,7,7,1,3,5,2,6,4,4,1,59,4,2,3,3,prAlone,marijuana
56,1,7,7,7,1,3,7,5,7,4,1,2,33,7,6,2,6,prAlone,marijuana
57,1,1,1,1,0,1,1,5,7,7,7,1,25,5,4,4,4,prAlone,marijuana
58,1,1,1,1,0,1,1,4,7,3,4,2,49,4,3,7,3,prAlone,marijuana
59,1,1,1,2,0,1,1,5,1,1,1,2,30,5,7,7,7,prAndSn,marijuana
60,1,7,7,7,1,4,3,2,7,5,4,2,50,4,5,4,5,prAlone,marijuana
61,1,1,1,1,0,1,1,4,1,1,1,1,25,4,3,6,2,prAlone,marijuana
62,1,1,3,2,0,1,1,4,3,3,2,2,28,4,5,6,3,prAlone,marijuana
63,1,2,2,2,1,1,1,6,7,5,5,2,39,5,6,7,6,prAlone,marijuana
64,1,4,5,5,1,3,1,3,6,5,5,2,25,4,6,7,6,prAndSn,marijuana
65,1,5,6,6,1,2,1,3,5,3,4,2,39,4,6,7,6,prAlone,marijuana
66,1,6,6,6,1,6,6,3,7,7,7,1,22,4,5,5,5,prAlone,marijuana
67,1,1,1,1,0,6,7,5,4,1,1,1,24,4,2,5,3,prAlone,marijuana
68,1,5,5,6,1,4,6,3,6,3,3,2,39,8,6,6,6,prAlone,marijuana
69,1,4,4,3,1,5,1,1,5,5,5,1,27,4,6,6,7,prAndSn,marijuana
70,1,1,1,1,0,4,2,4,5,1,1,2,19,4,5,5,4,prAndSn,marijuana
71,1,1,1,1,0,1,1,7,2,1,1,1,45,4,7,7,7,prAndSn,marijuana
72,1,1,1,2,0,1,1,4,2,1,1,2,42,6,5,7,7,prAlone,marijuana
73,1,1,1,1,0,3,1,4,7,1,1,2,59,4,3,6,4,prAlone,marijuana
74,1,2,2,3,0,2,1,5,5,2,3,1,26,4,6,7,5,prAlone,marijuana
75,1,5,3,6,1,4,4,2,1,1,1,1,25,4,3,5,2,prAlone,marijuana
76,1,3,2,7,0,1,1,7,5,1,1,2,24,4,6,7,6,prAlone,marijuana
77,1,1,1,1,0,2,1,3,1,1,1,2,35,4,7,7,7,prAndSn,marijuana
78,1,2,1,4,0,1,1,5,6,1,1,2,18,4,4,3,5,prAlone,marijuana
79,1,4,5,3,0,4,4,5,5,3,7,1,21,4,5,5,5,prAlone,marijuana
80,1,1,1,1,0,1,1,5,2,2,2,2,30,4,7,7,6,prAndSn,marijuana
81,1,4,4,7,1,3,3,5,7,4,5,2,40,6,5,5,4,prAlone,marijuana
82,1,6,4,5,1,5,5,2,5,2,4,1,19,4,2,2,6,prAndSn,marijuana
83,1,2,5,4,1,2,2,4,3,4,4,2,21,7,7,7,7,prAndSn,marijuana
84,1,2,1,3,0,6,1,2,2,2,2,2,49,4,7,7,7,prAndSn,marijuana
85,1,1,1,1,0,4,1,4,6,2,2,1,37,4,7,7,7,prAlone,marijuana
86,1,2,3,2,0,1,1,3,5,3,2,2,34,5,6,7,5,prAlone,marijuana
87,1,4,4,4,1,4,4,3,2,1,1,2,55,4,6,6,6,prAndSn,marijuana
88,1,1,2,7,0,2,2,4,3,2,1,2,33,4,4,4,3,prAlone,marijuana
89,1,1,1,2,0,1,1,6,1,1,1,2,25,4,7,7,7,prAndSn,marijuana
90,1,1,1,7,0,1,1,7,6,1,1,2,18,4,2,2,NA,prAlone,marijuana
91,1,2,4,4,1,4,2,4,4,4,4,2,50,4,7,7,7,prAndSn,marijuana
92,1,2,1,4,0,2,3,4,6,7,7,1,21,4,4,4,4,prAndSn,marijuana
93,1,4,4,4,1,4,3,4,7,4,5,2,19,5,5,7,3,prAndSn,marijuana
94,1,1,1,1,0,2,1,4,5,5,5,3,22,4,1,1,1,prAndSn,marijuana
95,1,1,1,7,1,2,1,4,1,1,1,2,35,4,7,7,5,prAndSn,marijuana
96,1,1,1,7,0,1,1,4,7,1,1,1,31,4,6,5,6,prAlone,marijuana
97,1,3,3,3,1,1,1,6,6,5,5,2,52,4,6,6,6,prAlone,marijuana
98,1,1,1,1,0,1,1,4,5,1,1,2,53,4,5,5,5,prAlone,marijuana
99,1,2,3,3,0,2,2,6,1,1,1,2,32,4,6,6,6,prAlone,marijuana
100,1,2,2,6,0,1,1,5,5,3,3,2,47,4,2,2,3,prAlone,marijuana
101,1,4,4,4,0,4,2,4,4,5,6,1,35,6,4,5,4,prAlone,marijuana
102,1,1,1,1,0,1,1,4,5,2,2,1,23,5,6,6,6,prAlone,marijuana
103,1,3,2,2,1,1,1,2,6,2,2,2,53,4,6,6,5,prAlone,marijuana
104,1,5,4,3,0,5,5,4,7,6,7,1,24,4,6,2,6,prAndSn,marijuana
105,1,1,1,7,0,1,1,5,6,1,1,1,32,4,7,7,7,prAlone,marijuana
106,1,3,3,3,0,2,2,4,4,4,4,2,31,4,7,7,7,prAndSn,marijuana
107,1,2,2,2,0,2,1,4,4,1,1,1,37,4,3,3,3,prAndSn,marijuana
108,1,4,5,5,1,4,4,5,6,5,3,2,25,4,6,6,6,prAndSn,marijuana
109,1,5,5,5,1,4,4,3,6,6,5,2,42,4,6,6,6,prAndSn,marijuana
110,1,1,2,1,1,5,1,2,3,3,2,1,49,4,3,6,2,prAndSn,marijuana
111,1,2,2,2,0,1,1,5,2,2,2,2,53,4,6,6,6,prAlone,marijuana
112,1,2,4,7,1,7,7,4,3,4,4,2,37,6,4,4,5,prAlone,marijuana
113,1,4,5,7,1,3,3,2,2,1,1,2,21,4,4,4,2,prAndSn,marijuana
114,1,1,2,3,0,4,4,4,4,3,3,1,18,4,4,4,4,prAlone,marijuana
115,1,7,7,7,1,4,1,3,7,7,7,2,23,4,2,2,2,prAndSn,marijuana
116,1,2,4,3,0,3,6,3,3,4,3,1,35,4,3,5,2,prAlone,marijuana
117,1,7,7,7,1,5,5,4,7,3,3,2,29,4,6,6,6,prAndSn,marijuana
118,1,2,2,2,0,2,1,4,5,5,4,2,58,5,6,7,6,prAlone,marijuana
119,1,5,6,7,1,3,3,4,7,7,7,1,24,4,7,7,7,prAndSn,marijuana
120,1,5,7,7,1,5,1,3,5,5,5,2,34,4,7,7,5,prAndSn,marijuana
121,1,2,3,4,1,4,5,3,4,3,1,1,20,4,3,4,4,prAndSn,marijuana
122,1,1,1,1,0,1,1,5,1,1,1,2,55,4,6,7,5,prAlone,marijuana
123,1,4,4,4,0,4,1,3,1,1,1,2,21,5,7,7,7,prAndSn,marijuana
124,1,1,1,4,0,1,1,5,3,1,1,3,22,8,7,7,7,prAlone,marijuana
125,1,7,7,7,1,3,2,2,2,1,3,2,22,8,4,5,2,prAndSn,marijuana
126,1,2,1,4,0,1,1,5,4,2,2,2,46,4,6,6,4,prAlone,marijuana
127,1,3,3,5,0,4,4,4,2,3,3,2,44,7,4,4,4,prAndSn,marijuana
128,1,5,5,4,0,4,4,4,5,5,4,2,39,4,5,4,5,prAndSn,marijuana
129,1,1,4,7,0,1,1,4,7,4,4,1,44,4,6,6,6,prAlone,marijuana
130,1,1,1,1,0,1,1,7,1,1,1,2,36,4,6,7,6,prAlone,marijuana
131,1,3,5,6,1,4,1,3,5,5,6,1,51,4,7,7,6,prAlone,marijuana
132,1,1,1,1,0,1,1,7,2,2,1,1,31,4,1,1,1,prAlone,marijuana
133,1,3,3,2,1,5,1,2,6,7,7,2,34,4,7,7,5,prAndSn,marijuana
134,1,3,2,2,0,1,1,3,1,1,1,2,54,4,2,3,3,prAndSn,marijuana
135,1,7,7,7,1,6,4,1,7,7,7,2,38,4,5,5,6,prAndSn,marijuana
136,1,1,1,1,0,4,1,4,4,1,1,1,53,4,2,2,2,prAndSn,marijuana
137,1,1,1,1,0,1,1,6,5,5,4,2,26,4,7,7,7,prAlone,marijuana
138,1,7,7,7,1,2,2,5,4,5,5,1,44,6,3,3,5,prAndSn,marijuana
139,1,3,2,3,1,5,2,3,3,6,6,2,37,4,6,6,7,prAndSn,marijuana
140,1,5,6,7,1,3,3,5,5,2,3,1,18,4,5,6,2,prAndSn,marijuana
141,1,3,3,7,1,4,2,4,6,1,1,2,30,4,6,7,5,prAlone,marijuana
142,1,1,1,1,0,1,1,3,4,1,1,1,32,4,6,6,6,prAlone,marijuana
143,1,6,6,7,1,5,4,1,7,5,5,2,26,4,7,7,7,prAndSn,marijuana
144,1,2,2,2,0,4,4,4,4,4,4,1,24,5,4,4,4,prAlone,marijuana
145,1,7,7,7,1,6,7,2,6,2,5,2,21,4,5,5,3,prAndSn,marijuana
146,1,4,5,5,1,4,2,3,5,5,5,2,38,4,7,7,7,prAlone,marijuana
147,1,4,4,4,1,3,4,3,3,3,3,2,48,4,6,6,6,prAlone,marijuana
148,1,7,7,7,1,6,2,1,7,7,7,1,29,4,3,3,5,prAndSn,marijuana
149,1,2,4,2,1,1,1,2,5,4,2,2,30,7,5,6,5,prAlone,marijuana
150,1,4,4,3,1,1,2,5,3,1,2,1,19,4,5,5,5,prAlone,marijuana
151,1,1,1,1,0,3,1,2,1,1,1,2,30,4,7,7,6,prAndSn,marijuana
152,1,4,3,6,1,4,2,2,4,2,2,2,31,7,6,6,6,prAndSn,marijuana
153,1,4,4,4,1,3,3,3,3,2,2,2,25,4,7,7,6,prAlone,marijuana
154,1,7,7,7,1,4,5,4,7,7,7,2,49,4,4,4,4,prAndSn,marijuana
155,1,5,7,7,1,4,5,3,7,5,6,2,30,4,3,3,3,prAlone,marijuana
156,1,2,3,2,0,3,1,3,3,2,2,2,28,4,6,7,4,prAndSn,marijuana
157,1,3,3,3,1,2,1,4,3,3,3,2,21,4,5,5,5,prAlone,marijuana
158,1,5,4,5,1,5,4,4,3,1,1,1,22,4,4,4,4,prAlone,marijuana
159,1,2,3,5,1,3,1,4,7,2,3,1,22,5,2,2,3,prAndSn,marijuana
160,1,1,1,1,0,1,1,5,2,2,2,2,26,4,7,7,7,prAlone,marijuana
161,1,1,1,7,0,6,1,1,7,1,1,2,40,4,6,6,3,prAndSn,marijuana
162,1,3,3,5,1,1,1,4,5,3,1,1,26,5,3,4,3,prAlone,marijuana
163,1,1,1,1,0,1,1,6,2,2,2,2,32,4,7,7,6,prAndSn,marijuana
164,1,2,2,2,0,4,1,4,2,2,2,2,33,4,5,6,5,prAlone,marijuana
165,1,7,7,7,1,4,1,7,7,7,7,2,33,4,6,7,5,prAndSn,marijuana
166,1,6,6,6,1,2,6,1,5,5,6,1,24,5,3,3,3,prAndSn,marijuana
167,1,4,3,4,0,4,3,4,7,5,5,2,31,4,6,5,5,prAlone,marijuana
168,1,5,7,7,1,5,4,3,6,7,7,1,28,8,4,4,5,prAlone,marijuana
169,1,4,4,4,1,4,4,4,4,4,4,1,22,4,4,4,4,prAndSn,marijuana
170,1,7,7,7,1,3,2,1,7,7,7,1,59,4,2,2,1,prAndSn,marijuana
171,1,1,1,1,0,4,1,4,4,5,5,3,22,8,7,7,7,prAndSn,marijuana
172,1,5,5,5,1,5,1,3,5,2,4,2,30,4,7,6,6,prAndSn,marijuana
173,1,5,3,4,1,5,5,5,5,4,3,1,22,4,4,4,4,prAlone,marijuana
174,1,1,1,1,0,1,1,4,7,3,4,2,50,4,7,7,5,prAlone,marijuana
175,1,1,1,1,0,3,1,7,7,3,3,2,58,5,5,5,5,prAndSn,marijuana
176,1,2,1,5,0,2,2,7,6,4,4,1,40,4,6,6,3,prAndSn,marijuana
177,1,2,6,2,0,2,2,5,6,6,6,1,33,4,5,5,5,prAlone,marijuana
178,1,1,1,1,0,4,1,7,7,7,7,2,30,6,6,6,6,prAlone,marijuana
179,1,2,6,2,0,2,1,6,5,5,5,1,34,4,7,7,7,prAlone,marijuana
180,1,6,5,4,1,5,4,6,6,6,5,1,NA,4,6,6,6,prAlone,marijuana
181,1,7,7,3,1,1,1,4,7,7,5,1,19,7,5,5,5,prAndSn,marijuana
182,1,3,2,7,0,1,1,4,5,1,2,1,25,4,5,5,3,prAlone,marijuana
183,1,1,1,1,0,1,1,5,4,2,2,1,58,4,7,7,7,prAlone,marijuana
184,1,1,1,1,0,4,2,4,2,2,2,2,37,4,6,6,6,prAlone,marijuana
185,1,1,1,4,0,4,1,4,6,6,6,2,NA,4,4,4,5,prAndSn,marijuana
186,1,7,7,7,1,7,7,7,7,7,7,1,29,4,6,5,3,prAlone,marijuana
187,1,2,2,6,1,4,1,3,4,3,2,2,28,4,5,4,4,prAndSn,marijuana
188,1,3,5,3,0,2,1,4,6,4,3,2,25,4,6,7,6,prAndSn,marijuana
189,1,1,1,7,0,1,1,4,4,6,6,1,30,4,6,6,5,prAlone,marijuana
190,1,1,2,1,0,1,1,4,7,5,4,1,39,4,7,7,7,prAlone,marijuana
191,1,2,3,2,0,4,3,3,5,1,1,1,34,7,6,6,NA,prAlone,marijuana
192,1,1,1,4,0,1,1,7,1,1,1,2,39,4,4,4,4,prAlone,marijuana
193,1,5,7,7,1,5,3,2,7,7,6,1,27,4,6,6,6,prAndSn,marijuana
194,1,1,1,7,0,1,1,6,1,1,1,1,60,4,7,7,7,prAndSn,marijuana
195,1,5,5,7,1,5,1,4,6,5,2,1,31,5,5,5,3,prAndSn,marijuana
196,1,7,7,7,1,5,5,3,7,7,7,2,56,4,3,5,1,prAlone,marijuana
197,1,5,7,6,1,4,4,2,4,5,5,1,42,4,5,5,6,prAndSn,marijuana
198,1,3,3,2,1,6,1,2,6,3,3,1,30,8,5,3,6,prAndSn,marijuana
199,1,1,2,4,0,6,1,3,2,2,3,3,24,4,7,7,7,prAndSn,marijuana
200,1,1,1,4,0,1,1,4,3,2,2,1,36,4,7,7,7,prAlone,marijuana
201,1,3,4,6,1,2,3,4,7,4,4,2,46,4,6,6,5,prAndSn,marijuana
202,1,1,1,1,0,1,1,4,2,2,2,1,36,4,4,5,4,prAlone,marijuana
203,1,3,4,6,1,3,1,4,3,4,4,2,34,4,5,6,5,prAndSn,marijuana
204,1,5,4,4,1,3,4,4,6,7,5,1,29,4,2,2,2,prAlone,marijuana
205,0,NA,NA,NA,0,NA,NA,NA,NA,NA,NA,NA,NA,NA,NA,NA,NA,prAlone,marijuana
206,0,NA,NA,NA,0,NA,NA,NA,NA,NA,NA,NA,NA,NA,NA,NA,NA,prAlone,marijuana
207,0,2,7,7,0,4,2,2,7,1,1,NA,NA,NA,NA,NA,NA,prAndSn,marijuana
1,1,7,7,7,1,6,7,2,7,7,7,1,37,4,3,3,3,prAndSn,movies
2,1,3,5,7,1,5,6,5,6,2,2,1,19,7,4,4,3,prAlone,movies
3,1,7,7,4,1,4,4,4,7,1,1,1,39,7,NA,2,3,prAndSn,movies
4,1,5,7,7,1,5,5,2,5,5,5,2,18,7,3,3,3,prAndSn,movies
5,1,6,6,6,1,6,6,5,6,6,6,2,35,7,3,3,2,prAlone,movies
6,1,1,1,5,0,6,1,1,2,1,1,1,28,5,6,6,3,prAndSn,movies
7,1,1,1,5,0,3,3,5,4,1,1,1,20,4,4,4,4,prAlone,movies
8,1,4,4,5,1,4,4,4,5,3,3,2,29,4,5,7,NA,prAlone,movies
9,1,7,6,5,1,7,6,6,7,6,5,1,44,4,5,5,6,prAndSn,movies
10,1,4,3,7,0,2,2,2,5,4,4,2,24,4,5,5,5,prAlone,movies
11,1,5,5,6,1,5,5,5,6,5,5,2,21,4,3,5,4,prAndSn,movies
12,1,4,5,7,0,5,4,4,5,7,7,2,33,8,4,7,6,prAndSn,movies
13,1,4,7,7,1,4,4,4,2,2,2,2,34,4,6,NA,NA,prAndSn,movies
14,1,5,3,7,1,3,2,4,5,2,3,1,32,4,4,4,4,prAlone,movies
15,1,2,5,7,0,4,4,4,1,1,2,1,19,8,6,6,6,prAndSn,movies
16,1,5,7,7,1,4,3,4,4,2,3,1,24,7,5,6,5,prAndSn,movies
17,1,7,7,7,1,6,6,2,5,5,5,2,31,4,3,5,3,prAlone,movies
18,1,6,6,7,1,5,5,3,4,3,5,2,35,4,5,5,5,prAlone,movies
19,1,6,7,7,1,6,5,2,5,2,5,2,26,4,6,6,6,prAndSn,movies
20,1,4,3,4,1,4,4,5,4,5,5,2,65,4,2,2,1,prAndSn,movies
21,1,7,7,7,1,4,5,4,2,2,2,2,27,4,4,4,4,prAndSn,movies
22,1,5,5,5,1,5,5,3,5,5,5,2,75,4,5,5,6,prAndSn,movies
23,1,3,5,7,1,5,5,3,5,3,2,2,47,4,2,2,2,prAlone,movies
24,1,1,2,6,1,5,5,3,2,1,1,2,45,4,7,7,6,prAlone,movies
25,0,1,1,3,0,6,6,2,3,2,1,2,41,4,7,7,5,prAlone,movies
26,1,3,2,5,1,4,6,4,1,1,1,1,19,4,6,6,5,prAlone,movies
27,1,7,7,7,1,7,7,3,5,5,7,2,21,4,4,4,4,prAlone,movies
28,1,5,6,7,1,6,7,4,5,6,5,1,40,4,3,3,4,prAndSn,movies
29,1,1,1,2,0,1,4,1,1,1,1,2,31,4,4,4,5,prAlone,movies
30,1,5,5,5,1,5,5,4,3,3,2,2,25,4,1,1,3,prAndSn,movies
31,1,3,2,5,1,4,4,3,3,2,2,1,29,4,6,5,4,prAndSn,movies
32,1,7,7,7,0,3,2,4,2,1,1,1,25,6,2,3,2,prAndSn,movies
33,1,7,7,7,1,3,3,3,5,5,5,2,26,4,6,6,6,prAndSn,movies
34,1,7,7,7,1,6,6,3,6,6,6,2,35,4,4,7,2,prAndSn,movies
35,1,5,5,7,0,6,5,4,1,2,2,2,40,4,2,2,2,prAlone,movies
36,1,3,3,5,1,5,5,4,1,2,2,2,22,4,4,6,4,prAlone,movies
37,1,3,3,6,1,2,2,4,6,5,2,2,30,4,4,5,3,prAlone,movies
38,1,2,6,6,1,5,6,3,5,5,5,2,34,4,5,5,5,prAlone,movies
39,1,2,3,6,0,5,4,3,2,2,2,1,29,4,5,5,5,prAndSn,movies
40,1,1,1,4,0,5,3,2,1,1,1,2,19,4,7,7,6,prAlone,movies
41,1,2,1,4,0,5,1,3,3,2,2,1,23,7,6,6,6,prAndSn,movies
42,1,5,5,5,0,5,5,3,4,5,5,1,50,4,2,2,2,prAlone,movies
43,1,7,7,7,1,7,7,7,7,1,1,2,28,6,7,7,6,prAndSn,movies
44,1,2,2,4,0,4,3,4,2,2,2,2,28,4,7,6,6,prAndSn,movies
45,1,5,5,7,1,4,5,5,2,5,3,2,29,8,3,3,3,prAndSn,movies
46,1,3,7,7,1,7,7,5,7,7,7,2,31,8,1,7,3,prAlone,movies
47,1,1,1,1,0,2,1,4,1,1,1,2,33,4,7,7,5,prAndSn,movies
48,1,2,2,3,1,2,4,3,4,4,2,1,19,4,3,3,3,prAndSn,movies
49,1,1,2,6,0,2,2,2,7,6,3,1,41,4,6,6,7,prAndSn,movies
50,1,1,1,1,1,4,4,4,7,5,5,1,22,4,5,5,5,prAndSn,movies
51,1,3,4,5,1,5,3,3,6,3,5,1,20,4,5,3,6,prAndSn,movies
52,1,7,3,7,1,4,4,6,5,5,3,1,24,5,4,5,3,prAlone,movies
53,1,6,5,7,1,4,4,5,5,5,4,2,25,4,5,6,3,prAndSn,movies
54,1,7,7,6,1,5,6,6,7,3,4,2,24,8,3,3,6,prAlone,movies
55,1,6,6,7,1,6,6,2,7,6,6,1,59,4,2,3,3,prAlone,movies
56,1,7,7,7,1,7,7,1,3,7,7,2,33,7,6,2,6,prAndSn,movies
57,1,1,2,5,0,2,2,3,7,1,1,1,25,5,4,4,4,prAndSn,movies
58,1,2,1,2,1,3,3,3,4,4,2,2,49,4,3,7,3,prAndSn,movies
59,1,3,6,6,1,4,4,3,4,4,4,2,30,5,7,7,7,prAndSn,movies
60,1,7,1,7,1,7,7,1,5,2,2,2,50,4,5,4,5,prAndSn,movies
61,1,1,1,1,0,1,1,5,1,1,1,1,25,4,3,6,2,prAndSn,movies
62,1,5,5,5,1,3,5,3,4,3,1,2,28,4,5,6,3,prAndSn,movies
63,1,2,2,6,1,2,2,7,2,2,2,2,39,5,6,7,6,prAndSn,movies
64,1,2,2,6,0,4,3,3,2,2,2,2,25,4,6,7,6,prAndSn,movies
65,1,4,5,5,1,2,2,4,3,2,3,2,39,4,6,7,6,prAlone,movies
66,1,7,7,7,1,6,6,3,6,6,6,1,22,4,5,5,5,prAndSn,movies
67,1,2,2,3,0,4,4,3,2,1,1,1,24,4,2,5,3,prAndSn,movies
68,1,5,5,6,1,5,5,4,5,3,4,2,39,8,6,6,6,prAlone,movies
69,1,6,6,3,1,1,1,4,4,1,1,1,27,4,6,6,7,prAlone,movies
70,1,1,6,7,1,3,4,1,3,1,2,2,19,4,5,5,4,prAndSn,movies
71,1,7,7,7,1,7,7,1,3,5,4,1,45,4,7,7,7,prAndSn,movies
72,1,4,4,7,1,4,4,4,6,2,2,2,42,6,5,7,7,prAlone,movies
73,1,7,7,7,1,4,6,2,4,4,4,2,59,4,3,6,4,prAndSn,movies
74,1,2,2,4,0,3,3,3,3,2,2,1,26,4,6,7,5,prAlone,movies
75,1,7,6,5,1,4,6,1,2,2,3,1,25,4,3,5,2,prAndSn,movies
76,1,1,1,1,0,3,2,6,6,1,1,2,24,4,6,7,6,prAlone,movies
77,1,3,3,3,1,2,2,3,4,2,2,2,35,4,7,7,7,prAlone,movies
78,1,2,4,7,0,5,5,4,3,1,2,2,18,4,4,3,5,prAlone,movies
79,1,4,5,5,1,4,3,3,4,5,3,1,21,4,5,5,5,prAlone,movies
80,1,3,3,5,1,2,2,5,3,4,2,2,30,4,7,7,6,prAlone,movies
81,1,4,5,7,1,6,5,4,4,2,2,2,40,6,5,5,4,prAndSn,movies
82,1,6,2,5,1,5,5,2,4,1,1,1,19,4,2,2,6,prAlone,movies
83,1,4,4,6,0,4,4,4,5,1,1,2,21,7,7,7,7,prAlone,movies
84,1,1,1,3,0,2,2,3,1,1,1,2,49,4,7,7,7,prAndSn,movies
85,1,2,2,5,0,5,3,1,6,6,6,1,37,4,7,7,7,prAndSn,movies
86,1,1,1,1,0,1,1,1,1,1,1,2,34,5,6,7,5,prAlone,movies
87,1,7,7,7,1,7,7,1,7,7,7,2,55,4,6,6,6,prAlone,movies
88,1,5,1,7,1,5,6,5,6,4,5,2,33,4,4,4,3,prAlone,movies
89,1,7,7,7,1,5,5,1,2,2,1,2,25,4,7,7,7,prAndSn,movies
90,1,5,4,7,1,2,2,6,5,1,2,2,18,4,2,2,NA,prAlone,movies
91,1,1,1,2,1,1,1,4,2,2,2,2,50,4,7,7,7,prAlone,movies
92,1,1,1,1,0,1,1,5,4,2,2,1,21,4,4,4,4,prAndSn,movies
93,1,5,5,7,1,7,7,1,5,5,4,2,19,5,5,7,3,prAndSn,movies
94,1,1,4,4,0,3,1,3,1,1,1,3,22,4,1,1,1,prAndSn,movies
95,1,1,3,6,1,2,2,1,1,1,1,2,35,4,7,7,5,prAlone,movies
96,1,7,7,7,1,7,7,1,7,7,7,1,31,4,6,5,6,prAlone,movies
97,1,6,1,7,1,4,4,6,5,5,5,2,52,4,6,6,6,prAlone,movies
98,1,3,3,3,0,4,4,4,2,1,1,2,53,4,5,5,5,prAlone,movies
99,1,2,3,6,0,3,3,5,2,2,2,2,32,4,6,6,6,prAlone,movies
100,1,4,3,6,1,5,5,4,4,3,5,2,47,4,2,2,3,prAlone,movies
101,1,4,3,5,0,2,4,7,4,6,5,1,35,6,4,5,4,prAndSn,movies
102,1,2,2,4,0,2,2,4,3,2,2,1,23,5,6,6,6,prAndSn,movies
103,1,6,6,7,1,5,5,4,5,1,1,2,53,4,6,6,5,prAlone,movies
104,1,3,7,5,1,5,7,1,6,5,6,1,24,4,6,2,6,prAlone,movies
105,1,7,7,7,1,7,7,1,7,7,7,1,32,4,7,7,7,prAndSn,movies
106,1,2,4,2,0,2,2,4,1,1,1,2,31,4,7,7,7,prAndSn,movies
107,1,2,2,2,0,5,5,3,4,1,1,1,37,4,3,3,3,prAlone,movies
108,1,5,7,7,1,6,5,3,5,5,5,2,25,4,6,6,6,prAndSn,movies
109,1,6,7,7,1,6,6,5,4,4,4,2,42,4,6,6,6,prAlone,movies
110,1,6,7,7,1,6,6,3,5,2,5,1,49,4,3,6,2,prAlone,movies
111,1,2,2,7,0,3,3,2,1,1,1,2,53,4,6,6,6,prAndSn,movies
112,1,7,7,7,1,7,7,1,1,2,2,2,37,6,4,4,5,prAndSn,movies
113,1,4,5,7,1,3,5,4,5,4,5,2,21,4,4,4,2,prAlone,movies
114,1,2,3,3,0,3,2,4,2,2,2,1,18,4,4,4,4,prAlone,movies
115,1,7,7,7,1,4,4,2,7,7,7,2,23,4,2,2,2,prAndSn,movies
116,1,4,3,5,0,3,4,4,5,3,7,1,35,4,3,5,2,prAndSn,movies
117,1,3,5,7,0,5,5,4,1,1,1,2,29,4,6,6,6,prAndSn,movies
118,1,4,5,5,1,5,5,5,6,6,6,2,58,5,6,7,6,prAndSn,movies
119,1,1,1,1,0,1,1,1,1,1,1,1,24,4,7,7,7,prAndSn,movies
120,1,1,1,4,0,3,2,4,2,2,2,2,34,4,7,7,5,prAndSn,movies
121,1,3,3,5,1,5,5,4,5,5,2,1,20,4,3,4,4,prAlone,movies
122,1,7,1,7,1,7,7,1,6,7,7,2,55,4,6,7,5,prAndSn,movies
123,1,4,4,5,0,1,2,4,3,1,1,2,21,5,7,7,7,prAlone,movies
124,1,2,2,5,0,2,1,5,2,1,1,3,22,8,7,7,7,prAndSn,movies
125,1,7,7,7,1,6,5,3,3,2,1,2,22,8,4,5,2,prAndSn,movies
126,1,4,4,7,1,4,4,4,4,3,2,2,46,4,6,6,4,prAndSn,movies
127,1,7,5,7,1,6,6,3,5,3,5,2,44,7,4,4,4,prAndSn,movies
128,1,1,7,7,1,7,7,1,7,7,7,2,39,4,5,4,5,prAlone,movies
129,1,1,1,7,0,1,1,4,2,1,1,1,44,4,6,6,6,prAndSn,movies
130,1,4,2,5,0,4,4,7,4,4,4,2,36,4,6,7,6,prAndSn,movies
131,1,2,5,7,1,2,3,2,6,1,1,1,51,4,7,7,6,prAndSn,movies
132,1,1,1,3,0,2,2,5,1,1,1,1,31,4,1,1,1,prAlone,movies
133,1,3,5,5,1,5,5,2,2,2,2,2,34,4,7,7,5,prAndSn,movies
134,1,6,7,6,1,3,5,3,4,5,6,2,54,4,2,3,3,prAndSn,movies
135,1,5,6,7,1,6,5,2,5,2,2,2,38,4,5,5,6,prAndSn,movies
136,1,5,1,7,1,5,5,4,3,4,5,1,53,4,2,2,2,prAlone,movies
137,1,2,5,5,0,4,4,4,5,4,3,2,26,4,7,7,7,prAndSn,movies
138,1,2,7,7,1,6,6,2,4,6,5,1,44,6,3,3,5,prAlone,movies
139,1,5,4,5,1,2,2,5,4,5,3,2,37,4,6,6,7,prAlone,movies
140,1,3,3,7,1,6,6,3,5,3,2,1,18,4,5,6,2,prAndSn,movies
141,1,4,3,5,1,4,2,5,4,2,2,2,30,4,6,7,5,prAndSn,movies
142,1,1,1,1,0,4,4,1,1,1,1,1,32,4,6,6,6,prAlone,movies
143,1,6,7,7,1,5,4,1,3,2,2,2,26,4,7,7,7,prAndSn,movies
144,1,3,4,3,0,4,4,4,4,3,4,1,24,5,4,4,4,prAlone,movies
145,1,3,3,4,1,4,4,4,4,4,4,2,21,4,5,5,3,prAlone,movies
146,1,2,2,3,0,5,5,4,4,2,2,2,38,4,7,7,7,prAlone,movies
147,1,4,4,3,1,3,3,4,4,5,5,2,48,4,6,6,6,prAndSn,movies
148,1,5,5,5,1,3,3,5,1,4,4,1,29,4,3,3,5,prAlone,movies
149,1,4,4,6,1,5,5,4,5,5,5,2,30,7,5,6,5,prAndSn,movies
150,1,7,7,7,1,3,3,4,4,3,4,1,19,4,5,5,5,prAlone,movies
151,1,5,5,5,1,2,2,4,4,4,4,2,30,4,7,7,6,prAlone,movies
152,1,2,4,6,1,4,3,4,4,1,1,2,31,7,6,6,6,prAlone,movies
153,1,4,4,4,1,4,4,3,5,3,3,2,25,4,7,7,6,prAlone,movies
154,1,5,6,7,1,6,6,7,5,5,4,2,49,4,4,4,4,prAlone,movies
155,1,6,7,7,1,5,5,3,7,5,3,2,30,4,3,3,3,prAlone,movies
156,1,4,5,5,1,3,3,4,5,1,1,2,28,4,6,7,4,prAndSn,movies
157,1,2,2,5,1,4,4,5,2,4,4,2,21,4,5,5,5,prAlone,movies
158,1,2,1,1,0,2,2,2,1,1,1,1,22,4,4,4,4,prAlone,movies
159,1,1,7,7,1,6,6,4,5,4,4,1,22,5,2,2,3,prAlone,movies
160,1,3,3,2,0,2,2,4,1,1,1,2,26,4,7,7,7,prAndSn,movies
161,1,7,7,7,1,7,7,6,1,1,1,2,40,4,6,6,3,prAndSn,movies
162,1,6,5,7,1,3,2,4,4,3,2,1,26,5,3,4,3,prAlone,movies
163,1,3,3,6,1,4,4,2,2,2,2,2,32,4,7,7,6,prAlone,movies
164,1,2,2,4,0,4,4,4,2,2,2,2,33,4,5,6,5,prAlone,movies
165,1,7,7,7,1,4,4,7,1,1,1,2,33,4,6,7,5,prAndSn,movies
166,1,6,7,7,1,6,6,2,3,2,2,1,24,5,3,3,3,prAlone,movies
167,1,5,5,6,1,5,5,4,3,1,1,2,31,4,6,5,5,prAndSn,movies
168,1,1,1,1,0,1,1,3,3,1,1,1,28,8,4,4,5,prAndSn,movies
169,1,4,5,4,1,4,4,4,4,4,4,1,22,4,4,4,4,prAndSn,movies
170,1,5,6,7,0,3,5,1,5,1,1,1,59,4,2,2,1,prAlone,movies
171,1,5,5,7,0,5,5,4,5,5,4,3,22,8,7,7,7,prAlone,movies
172,1,7,7,7,1,5,6,2,7,3,3,2,30,4,7,6,6,prAndSn,movies
173,1,1,1,3,0,3,4,4,3,2,3,1,22,4,4,4,4,prAlone,movies
174,1,1,1,2,0,1,1,4,5,1,1,2,50,4,7,7,5,prAndSn,movies
175,1,7,7,7,1,4,4,7,7,1,4,2,58,5,5,5,5,prAlone,movies
176,1,1,5,7,0,3,3,6,4,1,1,1,40,4,6,6,3,prAndSn,movies
177,1,2,3,6,0,2,2,4,1,1,1,1,33,4,5,5,5,prAndSn,movies
178,1,7,7,7,1,7,7,7,7,7,1,2,30,6,6,6,6,prAlone,movies
179,1,5,6,6,1,4,3,2,4,3,3,1,34,4,7,7,7,prAndSn,movies
180,1,6,7,5,0,7,6,5,6,7,6,1,NA,4,6,6,6,prAlone,movies
181,1,5,2,2,1,1,1,5,2,1,1,1,19,7,5,5,5,prAndSn,movies
182,1,7,7,7,1,5,5,3,6,6,5,1,25,4,5,5,3,prAndSn,movies
183,1,1,1,4,0,2,2,5,3,1,1,1,58,4,7,7,7,prAlone,movies
184,1,5,6,7,1,4,4,6,4,4,4,2,37,4,6,6,6,prAlone,movies
185,1,4,4,4,1,4,4,3,4,4,4,2,NA,4,4,4,5,prAndSn,movies
186,1,4,2,3,0,6,6,6,7,5,6,1,29,4,6,5,3,prAndSn,movies
187,1,3,6,7,1,4,5,3,5,6,5,2,28,4,5,4,4,prAlone,movies
188,1,2,7,7,1,3,3,3,1,2,2,2,25,4,6,7,6,prAlone,movies
189,1,4,2,2,0,5,5,4,5,4,4,1,30,4,6,6,5,prAlone,movies
190,1,1,3,3,0,3,3,2,2,2,1,1,39,4,7,7,7,prAlone,movies
191,1,4,3,5,0,4,4,2,2,1,1,1,34,7,6,6,NA,prAlone,movies
192,1,1,7,4,0,1,1,4,1,1,1,2,39,4,4,4,4,prAlone,movies
193,1,4,3,5,0,5,5,3,2,5,2,1,27,4,6,6,6,prAndSn,movies
194,1,1,1,7,0,4,2,3,1,1,1,1,60,4,7,7,7,prAndSn,movies
195,1,1,2,2,0,3,1,3,1,5,5,1,31,5,5,5,3,prAlone,movies
196,1,7,7,7,1,5,5,4,1,5,5,2,56,4,3,5,1,prAndSn,movies
197,1,7,7,7,1,6,6,3,1,1,1,1,42,4,5,5,6,prAndSn,movies
198,1,2,4,6,0,4,3,3,1,1,1,1,30,8,5,3,6,prAndSn,movies
199,1,2,3,4,1,3,2,4,3,2,4,3,24,4,7,7,7,prAndSn,movies
200,1,1,1,4,0,1,1,4,1,1,1,1,36,4,7,7,7,prAndSn,movies
201,1,4,4,7,1,3,3,2,2,2,2,2,46,4,6,6,5,prAndSn,movies
202,1,1,2,1,0,1,1,4,3,2,1,1,36,4,4,5,4,prAlone,movies
203,1,5,6,6,1,5,5,3,2,1,1,2,34,4,5,6,5,prAlone,movies
204,1,5,4,4,0,4,4,6,4,5,5,1,29,4,2,2,2,prAlone,movies
205,0,NA,NA,NA,0,NA,NA,NA,NA,NA,NA,NA,NA,NA,NA,NA,NA,prAlone,movies
206,0,NA,NA,NA,0,NA,NA,NA,NA,NA,NA,NA,NA,NA,NA,NA,NA,prAlone,movies
207,0,2,3,3,0,2,2,6,7,4,4,NA,NA,NA,NA,NA,NA,prAndSn,movies
1,1,3,3,7,1,4,2,3,7,3,3,1,37,4,3,3,3,prAlone,brights
2,1,5,1,7,1,1,1,5,7,1,2,1,19,7,4,4,3,prAlone,brights
3,1,1,2,3,1,4,7,4,6,1,1,1,39,7,NA,2,3,prAndSn,brights
4,1,3,3,3,0,3,3,3,3,3,3,2,18,7,3,3,3,prAlone,brights
5,1,2,2,4,0,2,2,5,6,2,2,2,35,7,3,3,2,prAlone,brights
6,1,1,1,6,0,4,3,2,7,5,1,1,28,5,6,6,3,prAndSn,brights
7,1,6,6,6,1,5,5,3,7,3,3,1,20,4,4,4,4,prAndSn,brights
8,1,3,1,4,0,3,3,5,5,2,2,2,29,4,5,7,NA,prAndSn,brights
9,1,7,6,5,1,6,5,7,5,7,6,1,44,4,5,5,6,prAndSn,brights
10,1,3,4,7,0,3,4,1,7,2,2,2,24,4,5,5,5,prAndSn,brights
11,1,2,4,6,0,3,5,5,4,4,3,2,21,4,3,5,4,prAlone,brights
12,1,3,7,5,1,4,5,3,5,7,5,2,33,8,4,7,6,prAlone,brights
13,1,4,4,4,1,4,4,4,7,1,1,2,34,4,6,NA,NA,prAlone,brights
14,1,5,2,7,1,4,6,5,7,3,1,1,32,4,4,4,4,prAlone,brights
15,1,3,2,7,0,5,5,1,6,1,2,1,19,8,6,6,6,prAndSn,brights
16,1,1,1,4,0,1,2,3,1,1,1,1,24,7,5,6,5,prAndSn,brights
17,1,3,2,6,0,2,3,4,3,2,2,2,31,4,3,5,3,prAlone,brights
18,1,6,5,7,1,1,4,2,5,3,3,2,35,4,5,5,5,prAndSn,brights
19,1,3,3,7,0,3,4,4,6,1,1,2,26,4,6,6,6,prAlone,brights
20,1,3,2,5,1,2,2,5,4,2,2,2,65,4,2,2,1,prAndSn,brights
21,1,3,2,7,1,1,5,4,6,3,3,2,27,4,4,4,4,prAlone,brights
22,1,4,3,4,1,3,3,4,4,3,4,2,75,4,5,5,6,prAlone,brights
23,1,1,3,5,0,1,1,4,5,1,1,2,47,4,2,2,2,prAndSn,brights
24,1,2,3,6,1,4,4,3,7,1,2,2,45,4,7,7,6,prAndSn,brights
25,0,3,1,3,1,1,1,3,7,1,1,2,41,4,7,7,5,prAlone,brights
26,1,5,3,5,0,4,4,3,6,3,3,1,19,4,6,6,5,prAlone,brights
27,1,7,7,7,1,4,5,2,7,5,5,2,21,4,4,4,4,prAndSn,brights
28,1,4,5,5,1,5,5,4,5,4,5,1,40,4,3,3,4,prAndSn,brights
29,1,5,5,5,1,5,7,6,4,4,4,2,31,4,4,4,5,prAlone,brights
30,1,4,3,5,0,4,3,2,7,3,3,2,25,4,1,1,3,prAndSn,brights
31,1,6,4,6,1,4,4,4,7,1,1,1,29,4,6,5,4,prAlone,brights
32,1,7,4,7,1,3,5,3,5,3,3,1,25,6,2,3,2,prAndSn,brights
33,1,6,6,5,1,4,4,4,6,6,5,2,26,4,6,6,6,prAndSn,brights
34,1,7,7,7,1,2,4,5,6,6,6,2,35,4,4,7,2,prAlone,brights
35,1,7,7,7,1,5,6,2,3,4,4,2,40,4,2,2,2,prAlone,brights
36,1,7,7,7,1,6,6,4,7,3,3,2,22,4,4,6,4,prAndSn,brights
37,1,6,7,5,1,4,7,4,7,2,1,2,30,4,4,5,3,prAlone,brights
38,1,5,5,5,1,2,3,5,6,4,4,2,34,4,5,5,5,prAndSn,brights
39,1,5,5,6,1,4,5,3,6,3,3,1,29,4,5,5,5,prAndSn,brights
40,1,5,1,6,1,4,4,1,7,3,3,2,19,4,7,7,6,prAndSn,brights
41,1,4,4,5,1,4,4,2,6,3,3,1,23,7,6,6,6,prAndSn,brights
42,1,5,6,6,1,4,4,6,4,4,4,1,50,4,2,2,2,prAlone,brights
43,1,5,1,7,1,3,3,1,7,7,7,2,28,6,7,7,6,prAlone,brights
44,1,3,4,4,1,4,5,3,3,3,3,2,28,4,7,6,6,prAndSn,brights
45,1,1,1,5,1,4,2,4,7,1,2,2,29,8,3,3,3,prAlone,brights
46,1,1,7,7,1,7,7,7,7,7,7,2,31,8,1,7,3,prAlone,brights
47,1,1,1,7,0,4,3,3,6,1,1,2,33,4,7,7,5,prAlone,brights
48,1,5,3,4,0,3,5,2,3,3,3,1,19,4,3,3,3,prAlone,brights
49,1,1,1,5,0,1,2,3,7,2,2,1,41,4,6,6,7,prAlone,brights
50,1,7,7,7,1,6,6,4,7,7,7,1,22,4,5,5,5,prAndSn,brights
51,1,4,4,3,1,4,5,4,3,5,5,1,20,4,5,3,6,prAlone,brights
52,1,3,5,7,1,2,3,3,7,1,1,1,24,5,4,5,3,prAlone,brights
53,1,5,4,3,0,3,4,6,5,3,3,2,25,4,5,6,3,prAlone,brights
54,1,3,5,7,1,5,5,5,7,2,2,2,24,8,3,3,6,prAlone,brights
55,1,4,1,5,0,4,3,4,6,1,1,1,59,4,2,3,3,prAlone,brights
56,1,7,7,7,1,4,5,5,7,4,3,2,33,7,6,2,6,prAndSn,brights
57,1,2,2,2,1,2,2,2,7,2,2,1,25,5,4,4,4,prAlone,brights
58,1,7,7,6,1,4,3,2,7,5,2,2,49,4,3,7,3,prAlone,brights
59,1,3,3,3,1,3,3,2,3,3,3,2,30,5,7,7,7,prAndSn,brights
60,1,7,7,7,1,2,2,5,7,5,4,2,50,4,5,4,5,prAlone,brights
61,1,1,1,2,0,1,1,4,1,1,1,1,25,4,3,6,2,prAlone,brights
62,1,6,7,6,1,5,5,2,6,5,4,2,28,4,5,6,3,prAndSn,brights
63,1,6,1,7,1,5,6,5,7,6,6,2,39,5,6,7,6,prAndSn,brights
64,1,2,2,6,0,4,5,2,6,2,2,2,25,4,6,7,6,prAndSn,brights
65,1,6,6,6,1,1,2,3,5,3,5,2,39,4,6,7,6,prAlone,brights
66,1,7,7,7,1,7,7,3,7,7,7,1,22,4,5,5,5,prAndSn,brights
67,1,1,1,1,0,4,5,5,4,5,3,1,24,4,2,5,3,prAlone,brights
68,1,6,6,6,1,4,6,2,6,6,6,2,39,8,6,6,6,prAndSn,brights
69,1,7,7,7,1,7,7,1,7,7,7,1,27,4,6,6,7,prAlone,brights
70,1,1,2,7,0,1,2,5,6,1,1,2,19,4,5,5,4,prAlone,brights
71,1,4,7,7,1,4,3,1,7,3,3,1,45,4,7,7,7,prAndSn,brights
72,1,1,2,4,0,2,3,4,7,1,1,2,42,6,5,7,7,prAlone,brights
73,1,2,4,6,1,4,5,4,7,1,1,2,59,4,3,6,4,prAlone,brights
74,1,2,2,5,0,3,2,2,6,2,2,1,26,4,6,7,5,prAndSn,brights
75,1,6,7,7,1,4,6,1,4,5,5,1,25,4,3,5,2,prAlone,brights
76,1,1,5,7,1,1,3,4,7,4,2,2,24,4,6,7,6,prAndSn,brights
77,1,1,2,1,0,2,2,4,2,2,2,2,35,4,7,7,7,prAlone,brights
78,1,3,1,7,0,3,3,4,5,1,1,2,18,4,4,3,5,prAndSn,brights
79,1,5,4,7,1,1,5,3,7,4,5,1,21,4,5,5,5,prAlone,brights
80,1,4,3,3,0,2,2,5,6,2,2,2,30,4,7,7,6,prAndSn,brights
81,1,5,6,7,1,4,5,4,6,4,4,2,40,6,5,5,4,prAlone,brights
82,1,5,2,6,1,3,4,3,6,2,2,1,19,4,2,2,6,prAlone,brights
83,1,6,6,6,1,4,4,2,5,2,5,2,21,7,7,7,7,prAndSn,brights
84,1,4,5,7,1,4,3,1,2,2,2,2,49,4,7,7,7,prAndSn,brights
85,1,7,7,7,1,3,6,2,5,2,2,1,37,4,7,7,7,prAndSn,brights
86,1,5,5,6,1,5,4,2,5,5,3,2,34,5,6,7,5,prAndSn,brights
87,1,7,7,7,1,4,4,2,7,6,6,2,55,4,6,6,6,prAndSn,brights
88,1,1,1,3,0,1,2,4,2,1,1,2,33,4,4,4,3,prAlone,brights
89,1,6,5,4,1,4,4,3,7,6,6,2,25,4,7,7,7,prAndSn,brights
90,1,4,1,4,1,3,5,5,7,1,2,2,18,4,2,2,NA,prAndSn,brights
91,1,1,1,4,0,1,1,2,2,2,2,2,50,4,7,7,7,prAndSn,brights
92,1,4,5,5,1,3,2,5,6,5,5,1,21,4,4,4,4,prAlone,brights
93,1,6,7,7,1,5,6,3,7,5,5,2,19,5,5,7,3,prAndSn,brights
94,1,3,4,5,1,4,3,3,5,2,1,3,22,4,1,1,1,prAlone,brights
95,1,2,2,7,0,1,1,2,1,1,1,2,35,4,7,7,5,prAlone,brights
96,1,7,7,7,1,6,7,3,7,7,7,1,31,4,6,5,6,prAlone,brights
97,1,7,7,7,1,6,5,2,5,5,5,2,52,4,6,6,6,prAlone,brights
98,1,2,2,5,0,1,1,3,7,1,1,2,53,4,5,5,5,prAlone,brights
99,1,6,6,7,1,4,4,5,1,1,1,2,32,4,6,6,6,prAndSn,brights
100,1,4,3,5,0,3,6,5,6,2,2,2,47,4,2,2,3,prAlone,brights
101,1,5,4,4,0,3,3,6,6,6,6,1,35,6,4,5,4,prAlone,brights
102,1,4,3,4,0,3,5,5,4,3,3,1,23,5,6,6,6,prAndSn,brights
103,1,2,2,6,1,1,2,3,7,1,1,2,53,4,6,6,5,prAlone,brights
104,1,3,5,5,0,3,5,4,6,7,4,1,24,4,6,2,6,prAlone,brights
105,1,7,7,7,1,6,7,1,7,7,7,1,32,4,7,7,7,prAndSn,brights
106,1,3,2,2,1,2,2,3,4,4,4,2,31,4,7,7,7,prAlone,brights
107,1,3,2,5,1,2,2,3,6,2,2,1,37,4,3,3,3,prAndSn,brights
108,1,1,2,2,0,1,2,5,7,1,1,2,25,4,6,6,6,prAlone,brights
109,1,4,4,4,1,4,4,3,7,3,3,2,42,4,6,6,6,prAlone,brights
110,1,7,6,7,1,4,3,2,7,2,1,1,49,4,3,6,2,prAlone,brights
111,1,4,4,7,1,2,2,3,3,1,1,2,53,4,6,6,6,prAlone,brights
112,1,1,1,1,1,5,7,3,5,4,4,2,37,6,4,4,5,prAlone,brights
113,1,6,7,5,1,2,6,3,7,3,3,2,21,4,4,4,2,prAlone,brights
114,1,7,7,7,1,5,7,2,7,5,5,1,18,4,4,4,4,prAndSn,brights
115,1,7,7,7,1,4,6,3,7,7,7,2,23,4,2,2,2,prAndSn,brights
116,1,4,3,5,1,5,3,4,3,7,5,1,35,4,3,5,2,prAndSn,brights
117,1,2,4,7,1,3,3,2,7,2,2,2,29,4,6,6,6,prAndSn,brights
118,1,2,2,2,0,4,5,4,6,6,6,2,58,5,6,7,6,prAlone,brights
119,1,1,1,1,0,1,1,1,1,1,1,1,24,4,7,7,7,prAlone,brights
120,1,5,3,4,0,3,4,4,4,4,4,2,34,4,7,7,5,prAlone,brights
121,1,3,3,7,1,7,7,3,5,4,5,1,20,4,3,4,4,prAndSn,brights
122,1,6,1,7,1,5,5,2,7,7,7,2,55,4,6,7,5,prAndSn,brights
123,1,7,7,7,1,2,4,4,4,4,4,2,21,5,7,7,7,prAlone,brights
124,1,3,4,6,0,2,2,4,7,1,1,3,22,8,7,7,7,prAlone,brights
125,1,5,5,6,1,1,2,7,6,2,1,2,22,8,4,5,2,prAlone,brights
126,1,2,2,4,1,2,2,4,7,1,2,2,46,4,6,6,4,prAlone,brights
127,1,4,5,7,1,4,4,2,7,3,2,2,44,7,4,4,4,prAlone,brights
128,1,6,4,6,1,6,6,1,5,6,5,2,39,4,5,4,5,prAlone,brights
129,1,7,7,7,1,3,3,3,7,3,3,1,44,4,6,6,6,prAndSn,brights
130,1,4,4,7,1,4,1,3,7,7,7,2,36,4,6,7,6,prAlone,brights
131,1,3,6,4,1,4,5,3,3,3,3,1,51,4,7,7,6,prAndSn,brights
132,1,6,6,7,1,5,6,2,5,4,3,1,31,4,1,1,1,prAlone,brights
133,1,1,1,4,0,2,4,4,6,1,1,2,34,4,7,7,5,prAlone,brights
134,1,3,3,6,1,3,3,5,5,5,5,2,54,4,2,3,3,prAndSn,brights
135,1,5,5,5,0,4,5,1,7,1,1,2,38,4,5,5,6,prAlone,brights
136,1,3,1,7,0,5,5,4,6,1,1,1,53,4,2,2,2,prAlone,brights
137,1,5,5,6,1,6,6,3,7,1,2,2,26,4,7,7,7,prAlone,brights
138,1,1,2,2,1,1,2,5,7,2,2,1,44,6,3,3,5,prAndSn,brights
139,1,5,6,5,1,4,5,3,6,5,5,2,37,4,6,6,7,prAlone,brights
140,1,3,3,6,1,5,5,3,7,1,2,1,18,4,5,6,2,prAndSn,brights
141,1,6,7,7,1,4,5,4,7,4,2,2,30,4,6,7,5,prAndSn,brights
142,1,5,5,5,1,1,4,1,6,1,1,1,32,4,6,6,6,prAndSn,brights
143,1,2,5,6,1,4,2,2,7,1,1,2,26,4,7,7,7,prAndSn,brights
144,1,4,4,4,0,4,5,4,3,3,3,1,24,5,4,4,4,prAlone,brights
145,1,4,4,4,1,4,4,4,5,5,5,2,21,4,5,5,3,prAlone,brights
146,1,4,4,6,1,5,5,2,6,2,2,2,38,4,7,7,7,prAlone,brights
147,1,4,5,5,1,3,3,4,5,5,5,2,48,4,6,6,6,prAlone,brights
148,1,3,2,6,0,3,4,4,5,1,1,1,29,4,3,3,5,prAlone,brights
149,1,7,7,7,1,7,7,2,7,6,6,2,30,7,5,6,5,prAndSn,brights
150,1,7,6,5,1,3,3,3,5,2,3,1,19,4,5,5,5,prAndSn,brights
151,1,5,5,5,1,2,2,4,6,5,5,2,30,4,7,7,6,prAlone,brights
152,1,5,4,7,1,4,4,3,6,4,4,2,31,7,6,6,6,prAndSn,brights
153,1,7,7,6,1,3,3,2,6,3,6,2,25,4,7,7,6,prAlone,brights
154,1,5,5,7,0,1,2,7,7,3,1,2,49,4,4,4,4,prAlone,brights
155,1,5,1,7,1,4,5,4,7,4,3,2,30,4,3,3,3,prAndSn,brights
156,1,1,1,2,1,1,2,6,2,1,2,2,28,4,6,7,4,prAlone,brights
157,1,2,2,5,1,4,5,5,2,2,2,2,21,4,5,5,5,prAlone,brights
158,1,3,5,4,1,5,5,6,5,4,4,1,22,4,4,4,4,prAlone,brights
159,1,3,5,5,1,5,5,3,7,2,2,1,22,5,2,2,3,prAndSn,brights
160,1,1,4,4,1,3,5,3,6,2,2,2,26,4,7,7,7,prAlone,brights
161,1,4,6,7,1,5,5,3,6,1,1,2,40,4,6,6,3,prAndSn,brights
162,1,5,6,6,1,6,6,4,7,3,3,1,26,5,3,4,3,prAndSn,brights
163,1,2,2,4,1,2,2,4,5,3,2,2,32,4,7,7,6,prAlone,brights
164,1,4,4,4,1,4,4,4,4,2,3,2,33,4,5,6,5,prAlone,brights
165,1,7,7,7,1,4,1,7,3,1,1,2,33,4,6,7,5,prAndSn,brights
166,1,5,5,6,1,4,4,2,3,3,4,1,24,5,3,3,3,prAndSn,brights
167,1,4,4,6,0,3,6,3,7,1,2,2,31,4,6,5,5,prAndSn,brights
168,1,5,4,6,1,1,3,5,7,4,5,1,28,8,4,4,5,prAndSn,brights
169,1,4,4,4,0,4,4,4,4,4,5,1,22,4,4,4,4,prAlone,brights
170,1,7,7,7,1,4,7,1,7,2,1,1,59,4,2,2,1,prAndSn,brights
171,1,4,4,4,0,4,5,2,5,4,4,3,22,8,7,7,7,prAndSn,brights
172,1,6,5,5,1,2,3,3,6,2,1,2,30,4,7,6,6,prAlone,brights
173,1,3,5,3,0,3,5,4,6,4,3,1,22,4,4,4,4,prAlone,brights
174,1,1,1,5,0,1,1,4,7,1,1,2,50,4,7,7,5,prAndSn,brights
175,1,7,7,7,1,4,7,7,7,7,7,2,58,5,5,5,5,prAndSn,brights
176,1,3,2,7,1,2,2,7,6,1,2,1,40,4,6,6,3,prAndSn,brights
177,1,7,1,7,1,5,6,3,7,5,5,1,33,4,5,5,5,prAlone,brights
178,1,1,1,7,1,5,7,7,4,1,1,2,30,6,6,6,6,prAndSn,brights
179,1,5,6,6,1,3,2,4,2,2,2,1,34,4,7,7,7,prAlone,brights
180,1,5,5,5,1,5,5,5,7,5,5,1,NA,4,6,6,6,prAlone,brights
181,1,7,7,7,1,7,7,1,7,7,7,1,19,7,5,5,5,prAndSn,brights
182,1,5,5,6,1,4,4,5,5,3,3,1,25,4,5,5,3,prAndSn,brights
183,1,3,4,5,1,2,2,4,5,3,2,1,58,4,7,7,7,prAlone,brights
184,1,1,1,7,0,4,4,3,4,3,3,2,37,4,6,6,6,prAlone,brights
185,1,5,5,5,1,4,2,4,6,4,4,2,NA,4,4,4,5,prAndSn,brights
186,1,1,1,4,1,2,3,3,3,4,5,1,29,4,6,5,3,prAlone,brights
187,1,3,3,7,1,2,1,2,7,1,1,2,28,4,5,4,4,prAndSn,brights
188,1,3,6,7,1,1,1,3,1,1,1,2,25,4,6,7,6,prAndSn,brights
189,1,6,7,6,1,4,6,2,7,6,6,1,30,4,6,6,5,prAndSn,brights
190,1,3,4,6,0,3,4,2,6,2,1,1,39,4,7,7,7,prAndSn,brights
191,1,7,7,7,1,6,7,2,6,2,2,1,34,7,6,6,NA,prAlone,brights
192,1,7,7,7,1,1,1,1,7,4,4,2,39,4,4,4,4,prAlone,brights
193,1,7,7,7,1,5,5,2,6,7,6,1,27,4,6,6,6,prAlone,brights
194,1,7,7,7,1,2,2,5,1,1,1,1,60,4,7,7,7,prAlone,brights
195,1,3,5,7,1,4,3,1,1,1,2,1,31,5,5,5,3,prAndSn,brights
196,1,1,1,7,0,3,5,4,7,2,2,2,56,4,3,5,1,prAlone,brights
197,1,5,4,5,1,3,5,3,7,1,2,1,42,4,5,5,6,prAndSn,brights
198,1,7,7,7,1,2,2,2,6,6,5,1,30,8,5,3,6,prAlone,brights
199,1,5,6,6,1,4,5,2,5,3,3,3,24,4,7,7,7,prAndSn,brights
200,1,5,5,5,1,4,6,3,5,3,3,1,36,4,7,7,7,prAndSn,brights
201,1,1,1,7,0,2,2,4,7,1,1,2,46,4,6,6,5,prAlone,brights
202,1,1,4,4,1,1,1,3,4,1,1,1,36,4,4,5,4,prAlone,brights
203,1,5,6,6,1,4,5,3,4,1,1,2,34,4,5,6,5,prAlone,brights
204,1,6,7,5,1,5,4,3,4,5,5,1,29,4,2,2,2,prAlone,brights
205,0,3,3,5,1,1,2,4,6,4,2,NA,NA,NA,NA,NA,NA,prAlone,brights
206,0,5,4,5,1,1,3,7,NA,NA,NA,NA,NA,NA,NA,NA,NA,prAndSn,brights
207,0,7,7,4,0,4,2,3,7,4,4,NA,NA,NA,NA,NA,NA,prAndSn,brights
1,1,4,3,3,0,1,1,4,3,5,3,1,37,4,3,3,3,prAlone,loitering
2,1,7,6,7,1,1,3,5,6,2,2,1,19,7,4,4,3,prAlone,loitering
3,1,4,4,6,1,4,6,4,7,2,2,1,39,7,NA,2,3,prAlone,loitering
4,1,3,3,3,0,3,3,3,3,3,3,2,18,7,3,3,3,prAlone,loitering
5,1,3,3,4,0,2,2,4,4,2,2,2,35,7,3,3,2,prAlone,loitering
6,1,2,5,5,1,2,2,1,1,1,1,1,28,5,6,6,3,prAndSn,loitering
7,1,4,3,5,1,5,3,3,5,2,4,1,20,4,4,4,4,prAndSn,loitering
8,1,5,5,6,1,5,5,4,5,5,5,2,29,4,5,7,NA,prAndSn,loitering
9,1,3,2,1,0,3,2,2,3,3,2,1,44,4,5,5,6,prAndSn,loitering
10,1,3,2,6,0,1,1,4,6,5,3,2,24,4,5,5,5,prAlone,loitering
11,1,5,5,6,1,5,5,5,7,5,5,2,21,4,3,5,4,prAndSn,loitering
12,1,2,1,1,0,4,1,4,1,1,1,2,33,8,4,7,6,prAlone,loitering
13,1,4,4,4,1,4,4,4,1,1,1,2,34,4,6,NA,NA,prAlone,loitering
14,1,6,4,7,1,3,4,3,6,2,3,1,32,4,4,4,4,prAndSn,loitering
15,1,2,1,5,0,3,2,5,2,2,3,1,19,8,6,6,6,prAlone,loitering
16,1,1,1,1,0,1,1,5,1,1,1,1,24,7,5,6,5,prAlone,loitering
17,1,5,6,6,1,6,3,2,3,3,3,2,31,4,3,5,3,prAndSn,loitering
18,1,7,7,7,1,5,1,2,2,1,1,2,35,4,5,5,5,prAndSn,loitering
19,1,3,4,6,1,5,3,3,3,2,2,2,26,4,6,6,6,prAndSn,loitering
20,1,5,4,5,1,4,3,5,5,3,3,2,65,4,2,2,1,prAndSn,loitering
21,1,6,5,7,1,4,3,3,5,3,4,2,27,4,4,4,4,prAndSn,loitering
22,1,4,4,4,1,4,4,4,4,4,4,2,75,4,5,5,6,prAndSn,loitering
23,1,2,2,7,0,4,2,3,4,1,1,2,47,4,2,2,2,prAlone,loitering
24,1,1,1,1,0,1,3,4,3,1,1,2,45,4,7,7,6,prAlone,loitering
25,0,2,1,2,0,1,1,6,1,1,1,2,41,4,7,7,5,prAlone,loitering
26,1,5,5,4,1,5,6,3,5,3,3,1,19,4,6,6,5,prAndSn,loitering
27,1,2,2,4,0,2,2,5,2,1,1,2,21,4,4,4,4,prAlone,loitering
28,1,3,3,2,0,2,3,4,4,3,3,1,40,4,3,3,4,prAlone,loitering
29,1,4,4,4,0,3,3,3,4,4,4,2,31,4,4,4,5,prAndSn,loitering
30,1,3,2,4,0,5,4,3,4,2,2,2,25,4,1,1,3,prAndSn,loitering
31,1,5,3,5,1,4,4,4,3,2,2,1,29,4,6,5,4,prAlone,loitering
32,1,6,2,7,0,4,3,4,6,1,1,1,25,6,2,3,2,prAlone,loitering
33,1,1,1,6,0,2,2,4,3,2,2,2,26,4,6,6,6,prAlone,loitering
34,1,4,1,2,1,1,2,4,6,1,1,2,35,4,4,7,2,prAlone,loitering
35,1,2,2,6,0,3,3,3,3,1,1,2,40,4,2,2,2,prAndSn,loitering
36,1,2,2,7,0,5,5,4,7,1,1,2,22,4,4,6,4,prAlone,loitering
37,1,1,1,2,0,2,2,4,2,2,2,2,30,4,4,5,3,prAlone,loitering
38,1,6,2,5,1,4,2,5,3,5,4,2,34,4,5,5,5,prAlone,loitering
39,1,4,5,6,1,6,4,2,3,2,2,1,29,4,5,5,5,prAndSn,loitering
40,1,1,1,1,0,5,1,1,1,1,1,2,19,4,7,7,6,prAndSn,loitering
41,1,2,2,1,0,2,1,3,2,1,1,1,23,7,6,6,6,prAndSn,loitering
42,1,5,5,5,1,5,6,3,7,7,6,1,50,4,2,2,2,prAndSn,loitering
43,1,1,1,1,0,1,1,4,1,1,1,2,28,6,7,7,6,prAlone,loitering
44,1,1,1,3,0,4,3,4,2,2,2,2,28,4,7,6,6,prAlone,loitering
45,1,2,4,5,0,4,4,4,2,1,1,2,29,8,3,3,3,prAndSn,loitering
46,1,1,1,1,0,2,2,2,6,2,5,2,31,8,1,7,3,prAlone,loitering
47,1,1,2,7,0,7,1,1,1,1,1,2,33,4,7,7,5,prAndSn,loitering
48,1,2,5,3,1,3,3,3,4,3,4,1,19,4,3,3,3,prAndSn,loitering
49,1,1,1,1,0,1,1,5,2,2,2,1,41,4,6,6,7,prAlone,loitering
50,1,7,7,6,1,6,6,3,6,6,6,1,22,4,5,5,5,prAndSn,loitering
51,1,3,5,5,1,4,5,3,5,4,3,1,20,4,5,3,6,prAlone,loitering
52,1,7,7,7,1,6,5,4,6,3,2,1,24,5,4,5,3,prAndSn,loitering
53,1,5,6,6,0,5,5,6,5,5,6,2,25,4,5,6,3,prAlone,loitering
54,1,7,1,7,1,6,6,4,7,4,7,2,24,8,3,3,6,prAndSn,loitering
55,1,5,1,5,0,4,4,3,4,1,1,1,59,4,2,3,3,prAndSn,loitering
56,1,7,7,7,1,5,7,2,7,3,1,2,33,7,6,2,6,prAlone,loitering
57,1,4,5,6,1,4,4,3,4,3,3,1,25,5,4,4,4,prAlone,loitering
58,1,2,3,2,1,1,1,4,5,1,1,2,49,4,3,7,3,prAlone,loitering
59,1,1,1,2,0,4,4,4,2,2,2,2,30,5,7,7,7,prAlone,loitering
60,1,3,3,7,0,7,7,3,7,2,2,2,50,4,5,4,5,prAndSn,loitering
61,1,3,4,5,1,5,3,2,2,2,2,1,25,4,3,6,2,prAndSn,loitering
62,1,5,6,6,1,6,5,3,5,3,2,2,28,4,5,6,3,prAndSn,loitering
63,1,2,1,1,1,1,1,7,3,1,1,2,39,5,6,7,6,prAlone,loitering
64,1,1,1,1,0,2,1,4,1,1,1,2,25,4,6,7,6,prAlone,loitering
65,1,3,3,3,0,1,1,4,4,1,1,2,39,4,6,7,6,prAlone,loitering
66,1,7,7,7,1,6,6,3,6,6,6,1,22,4,5,5,5,prAlone,loitering
67,1,3,1,3,1,3,2,3,3,5,6,1,24,4,2,5,3,prAndSn,loitering
68,1,5,3,6,1,4,5,4,5,2,3,2,39,8,6,6,6,prAlone,loitering
69,1,7,7,7,1,7,7,1,6,5,5,1,27,4,6,6,7,prAndSn,loitering
70,1,6,6,7,1,4,4,3,3,5,4,2,19,4,5,5,4,prAndSn,loitering
71,1,2,1,1,0,1,2,3,7,2,4,1,45,4,7,7,7,prAlone,loitering
72,1,2,2,7,0,5,4,2,5,2,2,2,42,6,5,7,7,prAndSn,loitering
73,1,5,3,4,1,3,3,4,5,4,4,2,59,4,3,6,4,prAlone,loitering
74,1,2,2,5,0,2,2,4,4,2,3,1,26,4,6,7,5,prAlone,loitering
75,1,1,1,3,0,3,2,1,3,1,1,1,25,4,3,5,2,prAndSn,loitering
76,1,1,1,5,0,1,1,6,3,1,1,2,24,4,6,7,6,prAlone,loitering
77,1,3,2,3,0,2,3,4,1,1,1,2,35,4,7,7,7,prAlone,loitering
78,1,3,3,7,0,2,2,5,5,1,1,2,18,4,4,3,5,prAlone,loitering
79,1,5,4,4,0,4,3,5,5,5,4,1,21,4,5,5,5,prAndSn,loitering
80,1,3,1,2,1,2,1,5,1,1,1,2,30,4,7,7,6,prAndSn,loitering
81,1,4,7,7,1,6,3,4,6,2,4,2,40,6,5,5,4,prAndSn,loitering
82,1,5,5,4,0,4,5,4,5,2,5,1,19,4,2,2,6,prAlone,loitering
83,1,2,3,3,1,5,2,3,3,5,1,2,21,7,7,7,7,prAndSn,loitering
84,1,1,1,1,0,3,1,4,2,2,2,2,49,4,7,7,7,prAlone,loitering
85,1,1,1,1,0,3,1,2,5,2,2,1,37,4,7,7,7,prAndSn,loitering
86,1,5,5,5,1,4,4,2,2,2,2,2,34,5,6,7,5,prAndSn,loitering
87,1,1,1,1,0,4,1,4,1,1,1,2,55,4,6,6,6,prAlone,loitering
88,1,2,3,5,1,5,2,5,5,1,1,2,33,4,4,4,3,prAndSn,loitering
89,1,2,2,2,0,4,2,4,7,4,2,2,25,4,7,7,7,prAlone,loitering
90,1,2,1,7,0,5,2,5,7,1,1,2,18,4,2,2,NA,prAlone,loitering
91,1,4,3,2,0,1,2,4,4,2,2,2,50,4,7,7,7,prAlone,loitering
92,1,6,6,7,1,6,6,4,3,4,6,1,21,4,4,4,4,prAndSn,loitering
93,1,4,4,7,0,5,5,4,7,4,4,2,19,5,5,7,3,prAlone,loitering
94,1,1,1,5,1,6,3,1,5,1,1,3,22,4,1,1,1,prAndSn,loitering
95,1,1,2,6,1,1,1,1,3,1,1,2,35,4,7,7,5,prAndSn,loitering
96,1,1,1,7,0,1,1,6,1,1,1,1,31,4,6,5,6,prAlone,loitering
97,1,7,7,7,1,4,3,6,5,5,5,2,52,4,6,6,6,prAndSn,loitering
98,1,1,1,1,0,1,1,4,2,1,1,2,53,4,5,5,5,prAlone,loitering
99,1,4,4,6,1,3,2,4,3,1,1,2,32,4,6,6,6,prAlone,loitering
100,1,5,4,5,1,3,4,4,2,2,3,2,47,4,2,2,3,prAlone,loitering
101,1,1,7,6,1,7,6,1,6,6,6,1,35,6,4,5,4,prAndSn,loitering
102,1,2,4,5,0,3,3,4,2,2,2,1,23,5,6,6,6,prAlone,loitering
103,1,1,1,1,0,2,2,3,3,1,1,2,53,4,6,6,5,prAlone,loitering
104,1,3,3,5,1,5,7,2,5,3,4,1,24,4,6,2,6,prAlone,loitering
105,1,1,1,7,0,6,3,2,7,1,1,1,32,4,7,7,7,prAndSn,loitering
106,1,2,2,2,0,5,1,3,1,1,1,2,31,4,7,7,7,prAndSn,loitering
107,1,4,6,6,1,4,2,4,5,2,3,1,37,4,3,3,3,prAndSn,loitering
108,1,4,5,7,1,5,4,3,4,4,4,2,25,4,6,6,6,prAndSn,loitering
109,1,4,4,4,0,5,5,2,6,3,2,2,42,4,6,6,6,prAndSn,loitering
110,1,1,1,1,0,4,1,4,1,1,1,1,49,4,3,6,2,prAlone,loitering
111,1,2,2,7,0,5,2,3,2,1,1,2,53,4,6,6,6,prAndSn,loitering
112,1,1,1,6,0,3,3,3,7,1,1,2,37,6,4,4,5,prAndSn,loitering
113,1,2,1,1,0,1,1,4,2,2,2,2,21,4,4,4,2,prAndSn,loitering
114,1,4,4,2,1,5,5,2,5,5,5,1,18,4,4,4,4,prAndSn,loitering
115,1,7,7,7,1,3,3,3,6,6,6,2,23,4,2,2,2,prAndSn,loitering
116,1,3,4,3,0,3,2,2,3,5,4,1,35,4,3,5,2,prAndSn,loitering
117,1,3,3,5,0,5,5,3,2,1,1,2,29,4,6,6,6,prAndSn,loitering
118,1,4,3,3,0,4,4,4,5,5,5,2,58,5,6,7,6,prAlone,loitering
119,1,7,7,7,1,7,7,7,7,1,1,1,24,4,7,7,7,prAlone,loitering
120,1,3,3,4,0,5,1,2,2,2,2,2,34,4,7,7,5,prAndSn,loitering
121,1,4,4,5,1,4,4,4,3,3,4,1,20,4,3,4,4,prAlone,loitering
122,1,1,1,7,0,6,2,2,1,1,1,2,55,4,6,7,5,prAndSn,loitering
123,1,4,3,3,0,1,1,4,2,1,1,2,21,5,7,7,7,prAlone,loitering
124,1,1,1,4,0,2,1,3,3,1,1,3,22,8,7,7,7,prAndSn,loitering
125,1,5,6,7,1,5,4,4,1,3,2,2,22,8,4,5,2,prAndSn,loitering
126,1,2,1,4,0,2,1,2,2,1,1,2,46,4,6,6,4,prAndSn,loitering
127,1,3,2,6,1,4,4,4,5,2,2,2,44,7,4,4,4,prAndSn,loitering
128,1,6,2,6,1,3,7,2,6,4,6,2,39,4,5,4,5,prAlone,loitering
129,1,1,1,6,0,1,1,4,6,1,1,1,44,4,6,6,6,prAlone,loitering
130,1,1,1,1,0,1,1,5,2,1,1,2,36,4,6,7,6,prAlone,loitering
131,1,3,3,4,0,4,4,4,2,2,2,1,51,4,7,7,6,prAlone,loitering
132,1,1,1,1,0,1,1,7,3,1,1,1,31,4,1,1,1,prAlone,loitering
133,1,2,1,5,0,5,2,2,2,1,1,2,34,4,7,7,5,prAndSn,loitering
134,1,2,2,6,1,2,2,5,4,4,5,2,54,4,2,3,3,prAlone,loitering
135,1,3,1,6,0,4,3,4,5,1,1,2,38,4,5,5,6,prAlone,loitering
136,1,1,3,3,0,1,1,4,1,1,1,1,53,4,2,2,2,prAlone,loitering
137,1,3,2,5,0,3,3,5,6,2,3,2,26,4,7,7,7,prAlone,loitering
138,1,2,2,6,1,4,2,5,4,2,2,1,44,6,3,3,5,prAndSn,loitering
139,1,2,1,1,0,2,2,4,4,2,2,2,37,4,6,6,7,prAlone,loitering
140,1,3,2,5,0,1,2,4,1,1,1,1,18,4,5,6,2,prAlone,loitering
141,1,4,4,6,0,4,2,4,4,1,1,2,30,4,6,7,5,prAndSn,loitering
142,1,2,3,4,0,1,1,1,2,1,1,1,32,4,6,6,6,prAlone,loitering
143,1,4,4,7,0,3,2,2,5,1,1,2,26,4,7,7,7,prAndSn,loitering
144,1,4,3,3,1,4,5,4,4,4,4,1,24,5,4,4,4,prAlone,loitering
145,1,4,4,4,1,4,4,4,4,4,4,2,21,4,5,5,3,prAndSn,loitering
146,1,2,2,2,0,4,3,4,2,2,2,2,38,4,7,7,7,prAlone,loitering
147,1,3,3,3,1,3,2,4,3,4,3,2,48,4,6,6,6,prAndSn,loitering
148,1,2,3,7,1,7,6,3,5,1,1,1,29,4,3,3,5,prAndSn,loitering
149,1,3,5,6,1,3,4,2,6,1,4,2,30,7,5,6,5,prAndSn,loitering
150,1,5,5,6,1,2,1,2,3,1,2,1,19,4,5,5,5,prAndSn,loitering
151,1,2,2,2,0,3,1,2,5,1,1,2,30,4,7,7,6,prAndSn,loitering
152,1,1,1,2,0,2,2,4,3,1,1,2,31,7,6,6,6,prAlone,loitering
153,1,2,2,2,1,4,4,4,2,2,2,2,25,4,7,7,6,prAlone,loitering
154,1,2,3,5,1,4,1,4,4,4,4,2,49,4,4,4,4,prAndSn,loitering
155,1,4,5,7,0,3,3,4,3,4,2,2,30,4,3,3,3,prAlone,loitering
156,1,3,2,2,0,3,2,2,7,2,4,2,28,4,6,7,4,prAndSn,loitering
157,1,2,2,4,0,6,3,4,4,1,1,2,21,4,5,5,5,prAndSn,loitering
158,1,5,3,5,1,4,5,5,4,5,5,1,22,4,4,4,4,prAndSn,loitering
159,1,1,1,4,0,5,5,4,7,1,1,1,22,5,2,2,3,prAlone,loitering
160,1,3,3,3,0,2,3,4,2,2,3,2,26,4,7,7,7,prAlone,loitering
161,1,5,3,5,1,4,5,6,1,1,1,2,40,4,6,6,3,prAlone,loitering
162,1,5,3,6,1,3,3,3,5,1,1,1,26,5,3,4,3,prAlone,loitering
163,1,1,1,1,0,5,2,1,1,1,1,2,32,4,7,7,6,prAndSn,loitering
164,1,2,1,2,0,4,1,4,2,2,2,2,33,4,5,6,5,prAndSn,loitering
165,1,7,7,7,0,4,1,7,1,1,1,2,33,4,6,7,5,prAlone,loitering
166,1,5,5,5,1,5,5,3,5,5,5,1,24,5,3,3,3,prAndSn,loitering
167,1,3,2,6,0,7,3,4,2,1,1,2,31,4,6,5,5,prAndSn,loitering
168,1,3,1,6,0,1,2,4,3,2,3,1,28,8,4,4,5,prAlone,loitering
169,1,4,5,5,1,4,5,5,3,4,4,1,22,4,4,4,4,prAlone,loitering
170,1,3,2,7,0,4,1,4,3,1,1,1,59,4,2,2,1,prAndSn,loitering
171,1,2,2,1,0,1,1,4,5,4,4,3,22,8,7,7,7,prAlone,loitering
172,1,3,4,4,0,6,3,3,1,1,1,2,30,4,7,6,6,prAndSn,loitering
173,1,5,3,4,0,5,3,4,3,4,4,1,22,4,4,4,4,prAlone,loitering
174,1,1,1,2,0,1,1,4,7,1,1,2,50,4,7,7,5,prAlone,loitering
175,1,4,1,1,0,4,1,7,7,1,1,2,58,5,5,5,5,prAndSn,loitering
176,1,2,1,5,1,1,1,6,1,1,1,1,40,4,6,6,3,prAlone,loitering
177,1,7,7,7,1,4,4,3,3,3,3,1,33,4,5,5,5,prAlone,loitering
178,1,7,7,7,1,7,7,7,7,7,7,2,30,6,6,6,6,prAndSn,loitering
179,1,2,2,2,0,3,2,4,2,2,2,1,34,4,7,7,7,prAlone,loitering
180,1,5,6,5,1,5,6,6,6,4,6,1,NA,4,6,6,6,prAlone,loitering
181,1,4,1,1,1,7,2,3,5,2,2,1,19,7,5,5,5,prAndSn,loitering
182,1,4,4,5,0,2,2,5,3,4,3,1,25,4,5,5,3,prAlone,loitering
183,1,1,1,3,0,2,1,5,4,1,2,1,58,4,7,7,7,prAlone,loitering
184,1,2,2,5,0,4,3,4,3,3,3,2,37,4,6,6,6,prAlone,loitering
185,1,1,1,1,0,4,1,4,5,3,3,2,NA,4,4,4,5,prAlone,loitering
186,1,4,2,7,1,7,6,6,6,7,5,1,29,4,6,5,3,prAndSn,loitering
187,1,4,2,7,1,4,2,3,4,1,3,2,28,4,5,4,4,prAlone,loitering
188,1,3,3,6,1,1,1,3,4,2,1,2,25,4,6,7,6,prAlone,loitering
189,1,1,2,6,0,4,4,3,6,3,4,1,30,4,6,6,5,prAlone,loitering
190,1,2,2,4,0,2,1,4,2,1,1,1,39,4,7,7,7,prAlone,loitering
191,1,6,4,5,1,5,3,2,2,2,2,1,34,7,6,6,NA,prAndSn,loitering
192,1,7,7,7,1,1,4,4,4,4,4,2,39,4,4,4,4,prAndSn,loitering
193,1,5,7,7,1,4,4,5,6,5,4,1,27,4,6,6,6,prAlone,loitering
194,1,2,2,7,0,4,2,3,1,1,1,1,60,4,7,7,7,prAndSn,loitering
195,1,7,7,7,1,6,5,1,2,1,1,1,31,5,5,5,3,prAndSn,loitering
196,1,3,3,7,1,2,2,4,2,2,2,2,56,4,3,5,1,prAlone,loitering
197,1,3,5,4,0,2,2,4,3,2,2,1,42,4,5,5,6,prAlone,loitering
198,1,2,2,3,0,1,1,4,3,1,1,1,30,8,5,3,6,prAlone,loitering
199,1,2,1,4,0,2,1,4,1,1,1,3,24,4,7,7,7,prAlone,loitering
200,1,2,2,2,1,4,2,3,2,2,2,1,36,4,7,7,7,prAndSn,loitering
201,1,2,1,4,0,1,1,4,2,1,1,2,46,4,6,6,5,prAlone,loitering
202,1,2,1,2,0,1,1,4,3,1,1,1,36,4,4,5,4,prAlone,loitering
203,1,1,1,1,0,1,1,4,2,1,1,2,34,4,5,6,5,prAlone,loitering
204,1,6,4,4,1,4,4,4,4,4,5,1,29,4,2,2,2,prAndSn,loitering
205,0,NA,NA,NA,0,NA,NA,NA,NA,NA,NA,NA,NA,NA,NA,NA,NA,prAlone,loitering
206,0,NA,NA,NA,0,NA,NA,NA,NA,NA,NA,NA,NA,NA,NA,NA,NA,prAndSn,loitering
207,0,2,1,2,0,1,2,4,7,4,4,NA,NA,NA,NA,NA,NA,prAlone,loitering